country_name,year,capex
Afghanistan,2025,0.001038978
Afghanistan,2024,9.04295E-4
Afghanistan,2023,7.60735E-4
Afghanistan,2022,7.48286E-4
Afghanistan,2021,0.001047177
Afghanistan,2020,9.86491E-4
Afghanistan,2019,9.47333E-4
Afghanistan,2018,9.84077E-4
Afghanistan,2017,9.50657E-4
Afghanistan,2016,0.001004058
Afghanistan,2015,0.001075576
Afghanistan,2014,0.001057172
Afghanistan,2013,0.001044626
Afghanistan,2012,9.34313E-4
Afghanistan,2011,8.3207E-4
Afghanistan,2010,6.51531E-4
Afghanistan,2009,5.3048E-4
Afghanistan,2008,5.11515E-4
Afghanistan,2007,3.65839E-4
Afghanistan,2006,3.25513E-4
Afghanistan,2005,2.74174E-4
Afghanistan,2004,2.70351E-4
Albania,2025,8.8546065
Albania,2024,8.195997948
Albania,2023,6.619275953
Albania,2022,6.276349127
Albania,2021,5.305049925
Albania,2020,5.424661917
Albania,2019,5.353100984
Albania,2018,4.531737987
Albania,2017,4.128493101
Albania,2016,3.963388627
Albania,2015,4.60428258
Albania,2014,4.446983058
Albania,2013,4.288128621
Albania,2012,4.486849204
Albania,2011,4.15137043
Albania,2010,4.192191366
Albania,2009,4.483574791
Albania,2008,3.716425203
Albania,2007,3.096430783
Albania,2006,2.802662955
Albania,2005,2.500752547
Albania,2004,2.370052047
Algeria,2025,12.16805853
Algeria,2024,10.363022817
Algeria,2023,9.442836142
Algeria,2022,7.793673129
Algeria,2021,6.899851635
Algeria,2020,8.096203122
Algeria,2019,8.141986468
Algeria,2018,7.946423782
Algeria,2017,7.564881945
Algeria,2016,7.84652904
Algeria,2015,9.99964366
Algeria,2014,9.612870636
Algeria,2013,9.50586148
Algeria,2012,9.137083738
Algeria,2011,7.440212302
Algeria,2010,6.290690399
Algeria,2009,7.548979137
Algeria,2008,5.962841463
Algeria,2007,5.151003127
Algeria,2006,4.479862791
Algeria,2005,3.846541047
Algeria,2004,3.680900523
Andorra,2025,0.001684164
Andorra,2024,0.001796023
Andorra,2023,0.001604108
Andorra,2022,0.001577552
Andorra,2021,0.001371786
Andorra,2020,0.001497125
Andorra,2019,0.001527147
Andorra,2018,0.001423583
Andorra,2017,0.001374448
Andorra,2016,0.001323805
Andorra,2015,0.001552422
Andorra,2014,0.001515329
Andorra,2013,0.001513023
Andorra,2012,0.001722032
Andorra,2011,0.001636997
Andorra,2010,0.001750427
Andorra,2009,0.001946559
Andorra,2008,0.001877902
Andorra,2007,0.001641463
Andorra,2006,0.001499941
Andorra,2005,0.001376173
Andorra,2004,0.001272635
Angola,2025,47.95526687
Angola,2024,52.028474026
Angola,2023,64.035305791
Angola,2022,40.791918922
Angola,2021,29.749159991
Angola,2020,43.486328769
Angola,2019,48.732271245
Angola,2018,45.198961769
Angola,2017,32.362129244
Angola,2016,55.507336784
Angola,2015,83.397398684
Angola,2014,81.172110471
Angola,2013,78.54322809
Angola,2012,68.568073128
Angola,2011,51.399664247
Angola,2010,43.123973247
Angola,2009,54.306518134
Angola,2008,40.03213481
Angola,2007,32.128687382
Angola,2006,22.676656547
Angola,2005,14.446007811
Angola,2004,13.020286444
Antigua & Barbuda,2025,47.95526687
Antigua & Barbuda,2024,42.845092821
Antigua & Barbuda,2023,39.360479633
Antigua & Barbuda,2022,33.747087428
Antigua & Barbuda,2021,29.731020962
Antigua & Barbuda,2020,36.359942413
Antigua & Barbuda,2019,35.014957438
Antigua & Barbuda,2018,32.267385402
Antigua & Barbuda,2017,31.393675922
Antigua & Barbuda,2016,30.299158492
Antigua & Barbuda,2015,29.057357712
Antigua & Barbuda,2014,27.931931846
Antigua & Barbuda,2013,27.967367258
Antigua & Barbuda,2012,27.00280573
Antigua & Barbuda,2011,27.359345398
Antigua & Barbuda,2010,29.217831762
Antigua & Barbuda,2009,32.823502975
Antigua & Barbuda,2008,31.343254587
Antigua & Barbuda,2007,27.470881106
Antigua & Barbuda,2006,24.102564796
Antigua & Barbuda,2005,21.625675661
Antigua & Barbuda,2004,20.446575734
Argentina,2025,61.02276304
Argentina,2024,52.191211797
Argentina,2023,51.118023315
Argentina,2022,39.30559885
Argentina,2021,31.160918206
Argentina,2020,36.170531345
Argentina,2019,42.395993926
Argentina,2018,51.993538316
Argentina,2017,45.038533756
Argentina,2016,48.044996364
Argentina,2015,42.517166883
Argentina,2014,44.593667443
Argentina,2013,44.105501993
Argentina,2012,42.827208087
Argentina,2011,34.221423953
Argentina,2010,26.898457516
Argentina,2009,29.207367806
Argentina,2008,23.227320852
Argentina,2007,18.786412788
Argentina,2006,16.054366535
Argentina,2005,13.301397752
Argentina,2004,12.199807216
Armenia,2025,0.001038978
Armenia,2024,9.84757E-4
Armenia,2023,7.97818E-4
Armenia,2022,5.67445E-4
Armenia,2021,5.16861E-4
Armenia,2020,5.56831E-4
Armenia,2019,5.09348E-4
Armenia,2018,4.71305E-4
Armenia,2017,4.31183E-4
Armenia,2016,4.31478E-4
Armenia,2015,4.7466E-4
Armenia,2014,4.54706E-4
Armenia,2013,4.34176E-4
Armenia,2012,4.14665E-4
Armenia,2011,3.78611E-4
Armenia,2010,3.53575E-4
Armenia,2009,4.76808E-4
Armenia,2008,3.76404E-4
Armenia,2007,2.61031E-4
Armenia,2006,2.00358E-4
Armenia,2005,1.46232E-4
Armenia,2004,1.32336E-4
Australia,2025,54.65175737
Australia,2024,47.549819261
Australia,2023,46.52621286
Australia,2022,42.835726558
Australia,2021,36.55292953
Australia,2020,38.322502853
Australia,2019,39.288049858
Australia,2018,36.475058398
Australia,2017,33.207772807
Australia,2016,37.182777662
Australia,2015,40.401359401
Australia,2014,43.396508774
Australia,2013,42.582301425
Australia,2012,38.484573867
Australia,2011,31.611827344
Australia,2010,25.556094832
Australia,2009,29.060240744
Australia,2008,23.526630046
Australia,2007,20.593695029
Australia,2006,19.142898054
Australia,2005,16.913169628
Australia,2004,16.227666765
Austria,2025,4.512878308
Austria,2024,4.852486516
Austria,2023,4.473996646
Austria,2022,4.556435383
Austria,2021,4.119547061
Austria,2020,4.20097108
Austria,2019,4.291992246
Austria,2018,3.934887324
Austria,2017,3.733470513
Austria,2016,3.5993665
Austria,2015,4.158978818
Austria,2014,4.045415736
Austria,2013,3.857351477
Austria,2012,4.067929202
Austria,2011,3.696874276
Austria,2010,3.786605707
Austria,2009,4.070575056
Austria,2008,3.667779366
Austria,2007,3.166546533
Austria,2006,2.977315823
Austria,2005,2.837512318
Austria,2004,2.766543422
Azerbaijan,2025,56.32338593
Azerbaijan,2024,47.086067774
Azerbaijan,2023,51.284272915
Azerbaijan,2022,35.677853364
Azerbaijan,2021,27.782638463
Azerbaijan,2020,31.349573991
Azerbaijan,2019,30.658626064
Azerbaijan,2018,26.594119245
Azerbaijan,2017,24.642097863
Azerbaijan,2016,34.539569902
Azerbaijan,2015,48.962587714
Azerbaijan,2014,48.260277566
Azerbaijan,2013,45.344499245
Azerbaijan,2012,42.919042906
Azerbaijan,2011,34.430932671
Azerbaijan,2010,28.823472024
Azerbaijan,2009,31.79017248
Azerbaijan,2008,21.507040299
Azerbaijan,2007,13.654073537
Azerbaijan,2006,8.619510632
Azerbaijan,2005,5.648808339
Azerbaijan,2004,5.170354025
Bahrain,2025,74.70206045
Bahrain,2024,64.425153302
Bahrain,2023,65.264768587
Bahrain,2022,57.099491349
Bahrain,2021,50.105287795
Bahrain,2020,56.549465251
Bahrain,2019,55.320756328
Bahrain,2018,52.016769786
Bahrain,2017,47.374827654
Bahrain,2016,45.471451781
Bahrain,2015,48.616141961
Bahrain,2014,47.289044108
Bahrain,2013,44.688653685
Bahrain,2012,41.82429387
Bahrain,2011,37.477964739
Bahrain,2010,32.070366347
Bahrain,2009,35.946912507
Bahrain,2008,30.381133275
Bahrain,2007,25.871863744
Bahrain,2006,22.326181038
Bahrain,2005,18.385492434
Bahrain,2004,17.185761216
Bangladesh,2025,0.31096597
Bangladesh,2024,0.26156944
Bangladesh,2023,0.27515396
Bangladesh,2022,0.248926155
Bangladesh,2021,0.223635398
Bangladesh,2020,0.210032938
Bangladesh,2019,0.192171599
Bangladesh,2018,0.17564856
Bangladesh,2017,0.158601682
Bangladesh,2016,0.116695796
Bangladesh,2015,0.103384557
Bangladesh,2014,0.08969778
Bangladesh,2013,0.079718536
Bangladesh,2012,0.076905595
Bangladesh,2011,0.068933801
Bangladesh,2010,0.061278942
Bangladesh,2009,0.054797934
Bangladesh,2008,0.047606903
Bangladesh,2007,0.042933074
Bangladesh,2006,0.041545897
Bangladesh,2005,0.038934205
Bangladesh,2004,0.036995798
Belarus,2025,0.080678007
Belarus,2024,0.076229586
Belarus,2023,0.078264072
Belarus,2022,0.073913085
Belarus,2021,0.065105954
Belarus,2020,0.068329193
Belarus,2019,0.063683804
Belarus,2018,0.058055094
Belarus,2017,0.050627311
Belarus,2016,0.059889919
Belarus,2015,0.083608214
Belarus,2014,0.080123076
Belarus,2013,0.069682585
Belarus,2012,0.065520349
Belarus,2011,0.060714212
Belarus,2010,0.053968574
Belarus,2009,0.064448602
Belarus,2008,0.048030538
Belarus,2007,0.039210861
Belarus,2006,0.032048242
Belarus,2005,0.024549628
Belarus,2004,0.022027532
Belgium,2025,3.518337168
Belgium,2024,3.155702317
Belgium,2023,2.904414086
Belgium,2022,2.929154309
Belgium,2021,2.592432777
Belgium,2020,2.62684885
Belgium,2019,2.655788304
Belgium,2018,2.451552991
Belgium,2017,2.321185964
Belgium,2016,2.256450271
Belgium,2015,2.633020446
Belgium,2014,2.565039893
Belgium,2013,2.439341941
Belgium,2012,2.580211939
Belgium,2011,2.356840271
Belgium,2010,2.373764444
Belgium,2009,2.531910997
Belgium,2008,2.304790366
Belgium,2007,1.998109485
Belgium,2006,1.887769559
Belgium,2005,1.807015121
Belgium,2004,1.744707991
Belize,2025,0.106366761
Belize,2024,0.093150874
Belize,2023,0.086464155
Belize,2022,0.073520501
Belize,2021,0.062048442
Belize,2020,0.072540957
Belize,2019,0.069653958
Belize,2018,0.068835393
Belize,2017,0.068042646
Belize,2016,0.066610537
Belize,2015,0.064946071
Belize,2014,0.06174167
Belize,2013,0.057995102
Belize,2012,0.055493847
Belize,2011,0.053022965
Belize,2010,0.051285603
Belize,2009,0.052816426
Belize,2008,0.051850549
Belize,2007,0.048328746
Belize,2006,0.044799348
Belize,2005,0.042548674
Belize,2004,0.040607304
Benin,2025,0.006024038
Benin,2024,0.005606271
Benin,2023,0.004958257
Benin,2022,0.005040413
Benin,2021,0.004459575
Benin,2020,0.004100605
Benin,2019,0.00406377
Benin,2018,0.003619067
Benin,2017,0.003368161
Benin,2016,0.003244814
Benin,2015,0.003785144
Benin,2014,0.003566694
Benin,2013,0.003174493
Benin,2012,0.003046834
Benin,2011,0.002716894
Benin,2010,0.002774814
Benin,2009,0.002788807
Benin,2008,0.002327597
Benin,2007,0.00200422
Benin,2006,0.001871314
Benin,2005,0.001763786
Benin,2004,0.00168897
Bhutan,2025,0.001038978
Bhutan,2024,9.77676E-4
Bhutan,2023,9.06268E-4
Bhutan,2022,8.65797E-4
Bhutan,2021,7.68486E-4
Bhutan,2020,8.5544E-4
Bhutan,2019,8.07802E-4
Bhutan,2018,8.1031E-4
Bhutan,2017,7.37185E-4
Bhutan,2016,6.84124E-4
Bhutan,2015,6.53249E-4
Bhutan,2014,6.07788E-4
Bhutan,2013,6.17073E-4
Bhutan,2012,6.1843E-4
Bhutan,2011,5.34362E-4
Bhutan,2010,4.16307E-4
Bhutan,2009,4.11984E-4
Bhutan,2008,3.92675E-4
Bhutan,2007,2.94836E-4
Bhutan,2006,2.69042E-4
Bhutan,2005,2.29941E-4
Bhutan,2004,2.18664E-4
Bolivia,2025,0.001038978
Bolivia,2024,8.59004E-4
Bolivia,2023,8.37553E-4
Bolivia,2022,7.68998E-4
Bolivia,2021,6.97129E-4
Bolivia,2020,7.78308E-4
Bolivia,2019,7.66743E-4
Bolivia,2018,7.13854E-4
Bolivia,2017,6.45958E-4
Bolivia,2016,6.28051E-4
Bolivia,2015,6.27974E-4
Bolivia,2014,5.835E-4
Bolivia,2013,5.15465E-4
Bolivia,2012,4.5606E-4
Bolivia,2011,3.73968E-4
Bolivia,2010,3.3001E-4
Bolivia,2009,3.1734E-4
Bolivia,2008,2.49698E-4
Bolivia,2007,2.17948E-4
Bolivia,2006,1.81736E-4
Bolivia,2005,1.66974E-4
Bolivia,2004,1.60285E-4
Bosnia & Herzegovina,2025,6.09242775
Bosnia & Herzegovina,2024,5.426644401
Bosnia & Herzegovina,2023,4.838885976
Bosnia & Herzegovina,2022,4.668886314
Bosnia & Herzegovina,2021,3.989110514
Bosnia & Herzegovina,2020,4.039713351
Bosnia & Herzegovina,2019,4.039998366
Bosnia & Herzegovina,2018,3.61444658
Bosnia & Herzegovina,2017,3.375911567
Bosnia & Herzegovina,2016,3.235372405
Bosnia & Herzegovina,2015,3.66027417
Bosnia & Herzegovina,2014,3.585402051
Bosnia & Herzegovina,2013,3.397568944
Bosnia & Herzegovina,2012,3.67713703
Bosnia & Herzegovina,2011,3.387624745
Bosnia & Herzegovina,2010,3.473937629
Bosnia & Herzegovina,2009,3.769550091
Bosnia & Herzegovina,2008,3.111984622
Bosnia & Herzegovina,2007,2.537287814
Bosnia & Herzegovina,2006,2.213432905
Bosnia & Herzegovina,2005,2.003139197
Bosnia & Herzegovina,2004,1.883972896
Botswana,2025,0.027009649
Botswana,2024,0.027110177
Botswana,2023,0.028404285
Botswana,2022,0.026208459
Botswana,2021,0.020910207
Botswana,2020,0.023378035
Botswana,2019,0.023805784
Botswana,2018,0.0225104
Botswana,2017,0.021081212
Botswana,2016,0.018912116
Botswana,2015,0.021622758
Botswana,2014,0.019947808
Botswana,2013,0.019438657
Botswana,2012,0.021120357
Botswana,2011,0.017663293
Botswana,2010,0.014142711
Botswana,2009,0.014998629
Botswana,2008,0.014770021
Botswana,2007,0.013864146
Botswana,2006,0.013863795
Botswana,2005,0.012519977
Botswana,2004,0.012190134
Brazil,2025,26.2757585
Brazil,2024,24.955488985
Brazil,2023,22.409619703
Brazil,2022,19.180412699
Brazil,2021,16.946936216
Brazil,2020,21.506883731
Brazil,2019,22.007906213
Brazil,2018,23.690763121
Brazil,2017,20.615972992
Brazil,2016,20.690827864
Brazil,2015,28.197324877
Brazil,2014,28.389972843
Brazil,2013,28.302833507
Brazil,2012,30.035631932
Brazil,2011,25.359269019
Brazil,2010,19.138507748
Brazil,2009,19.469843881
Brazil,2008,16.039952345
Brazil,2007,12.716487905
Brazil,2006,10.236679195
Brazil,2005,7.683978832
Brazil,2004,7.265489222
Brunei Darussalam,2025,440.649355
Brunei Darussalam,2024,391.512321666
Brunei Darussalam,2023,431.70945129
Brunei Darussalam,2022,362.480817543
Brunei Darussalam,2021,310.703825332
Brunei Darussalam,2020,348.576776562
Brunei Darussalam,2019,351.104504166
Brunei Darussalam,2018,313.870655179
Brunei Darussalam,2017,295.032931769
Brunei Darussalam,2016,334.629329746
Brunei Darussalam,2015,442.482066746
Brunei Darussalam,2014,468.26710322
Brunei Darussalam,2013,492.963765681
Brunei Darussalam,2012,479.411918434
Brunei Darussalam,2011,354.733133805
Brunei Darussalam,2010,308.299747755
Brunei Darussalam,2009,412.1683765
Brunei Darussalam,2008,347.613908546
Brunei Darussalam,2007,327.236070034
Brunei Darussalam,2006,272.956095373
Brunei Darussalam,2005,223.059845993
Brunei Darussalam,2004,222.826906222
Bulgaria,2025,1.508270853
Bulgaria,2024,1.502384805
Bulgaria,2023,1.329783252
Bulgaria,2022,1.238460347
Bulgaria,2021,1.037456816
Bulgaria,2020,1.006867263
Bulgaria,2019,0.972502016
Bulgaria,2018,0.870108433
Bulgaria,2017,0.791686919
Bulgaria,2016,0.745441472
Bulgaria,2015,0.838537854
Bulgaria,2014,0.819383079
Bulgaria,2013,0.796438454
Bulgaria,2012,0.847035903
Bulgaria,2011,0.744692298
Bulgaria,2010,0.763219362
Bulgaria,2009,0.799263261
Bulgaria,2008,0.65185514
Bulgaria,2007,0.504382427
Bulgaria,2006,0.438190549
Bulgaria,2005,0.383749279
Bulgaria,2004,0.360292693
Burkina Faso,2025,0.001038978
Burkina Faso,2024,9.32849E-4
Burkina Faso,2023,8.63801E-4
Burkina Faso,2022,9.04066E-4
Burkina Faso,2021,8.13533E-4
Burkina Faso,2020,7.35866E-4
Burkina Faso,2019,7.29314E-4
Burkina Faso,2018,6.47474E-4
Burkina Faso,2017,5.89019E-4
Burkina Faso,2016,5.43066E-4
Burkina Faso,2015,6.39949E-4
Burkina Faso,2014,6.1706E-4
Burkina Faso,2013,5.76519E-4
Burkina Faso,2012,5.54455E-4
Burkina Faso,2011,4.64006E-4
Burkina Faso,2010,4.33763E-4
Burkina Faso,2009,4.33797E-4
Burkina Faso,2008,3.50001E-4
Burkina Faso,2007,3.0051E-4
Burkina Faso,2006,2.82102E-4
Burkina Faso,2005,2.50219E-4
Burkina Faso,2004,2.39493E-4
Burundi,2025,0.001038978
Burundi,2024,0.001210346
Burundi,2023,0.001529433
Burundi,2022,0.001271564
Burundi,2021,0.00121379
Burundi,2020,0.001180276
Burundi,2019,0.001221808
Burundi,2018,0.001247646
Burundi,2017,0.001211411
Burundi,2016,0.001421911
Burundi,2015,0.00123949
Burundi,2014,0.001123055
Burundi,2013,0.001068879
Burundi,2012,0.001024205
Burundi,2011,9.30899E-4
Burundi,2010,8.16065E-4
Burundi,2009,7.38365E-4
Burundi,2008,6.2126E-4
Burundi,2007,5.83319E-4
Burundi,2006,5.11738E-4
Burundi,2005,4.1927E-4
Burundi,2004,3.99938E-4
Cambodia,2025,0.019693907
Cambodia,2024,0.019382319
Cambodia,2023,0.018310499
Cambodia,2022,0.016843458
Cambodia,2021,0.015940586
Cambodia,2020,0.016795475
Cambodia,2019,0.01517502
Cambodia,2018,0.013439759
Cambodia,2017,0.012158251
Cambodia,2016,0.011067541
Cambodia,2015,0.010091134
Cambodia,2014,0.009068203
Cambodia,2013,0.008161435
Cambodia,2012,0.007340136
Cambodia,2011,0.006321956
Cambodia,2010,0.005724141
Cambodia,2009,0.005573701
Cambodia,2008,0.004636814
Cambodia,2007,0.003823082
Cambodia,2006,0.003235127
Cambodia,2005,0.002693521
Cambodia,2004,0.002460787
Cameroon,2025,1.729643477
Cameroon,2024,1.64385473
Cameroon,2023,1.479327025
Cameroon,2022,1.501501025
Cameroon,2021,1.360107274
Cameroon,2020,1.323230727
Cameroon,2019,1.332830936
Cameroon,2018,1.204169573
Cameroon,2017,1.127973261
Cameroon,2016,1.074463814
Cameroon,2015,1.213776553
Cameroon,2014,1.125113964
Cameroon,2013,1.005907758
Cameroon,2012,1.021781026
Cameroon,2011,0.917590857
Cameroon,2010,0.931783568
Cameroon,2009,0.924517286
Cameroon,2008,0.798194761
Cameroon,2007,0.697529556
Cameroon,2006,0.650806537
Cameroon,2005,0.628001848
Cameroon,2004,0.586649714
Canada,2025,182.4564807
Canada,2024,180.009631297
Canada,2023,181.606845302
Canada,2022,168.666975286
Canada,2021,139.109694113
Canada,2020,146.507626422
Canada,2019,144.961664417
Canada,2018,138.571128001
Canada,2017,128.381221919
Canada,2016,130.777463026
Canada,2015,151.718526613
Canada,2014,155.150730303
Canada,2013,153.619051643
Canada,2012,150.675002259
Canada,2011,135.888379804
Canada,2010,115.495964689
Canada,2009,130.481713772
Canada,2008,123.409777799
Canada,2007,110.843795331
Canada,2006,98.564319953
Canada,2005,86.262159263
Canada,2004,83.674635107
Chad,2025,5.695310057
Chad,2024,5.2798746
Chad,2023,4.977714651
Chad,2022,4.730039186
Chad,2021,4.30257415
Chad,2020,4.543314674
Chad,2019,4.512885299
Chad,2018,4.01547812
Chad,2017,4.054580796
Chad,2016,4.396932645
Chad,2015,5.597663813
Chad,2014,5.201258455
Chad,2013,4.96589161
Chad,2012,4.887571229
Chad,2011,4.283584704
Chad,2010,3.730524503
Chad,2009,4.173456613
Chad,2008,3.473306903
Chad,2007,2.982861176
Chad,2006,2.669909591
Chad,2005,1.775917975
Chad,2004,1.328987744
Chile,2025,2.861947593
Chile,2024,2.212380511
Chile,2023,1.992047765
Chile,2022,2.080389222
Chile,2021,1.675058995
Chile,2020,1.834908371
Chile,2019,1.950778234
Chile,2018,1.820857345
Chile,2017,1.644088714
Chile,2016,1.598625634
Chile,2015,1.71144924
Chile,2014,1.82904004
Chile,2013,1.760664095
Chile,2012,1.657526532
Chile,2011,1.431154021
Chile,2010,1.132640603
Chile,2009,1.186161099
Chile,2008,1.137341861
Chile,2007,1.014390439
Chile,2006,0.806361408
Chile,2005,0.653270409
Chile,2004,0.612397447
China,2025,7.651278256
China,2024,6.373651736
China,2023,6.404812958
China,2022,6.382856833
China,2021,5.260766326
China,2020,5.114738395
China,2019,4.976805219
China,2018,4.409312816
China,2017,4.023486752
China,2016,3.961988112
China,2015,3.752097586
China,2014,3.427902687
China,2013,3.056016792
China,2012,2.704776101
China,2011,2.18027902
China,2010,1.8272976
China,2009,1.645577535
China,2008,1.271639297
China,2007,0.985740464
China,2006,0.818773626
China,2005,0.700357403
China,2004,0.636031578
Colombia,2025,19.7337769
Colombia,2024,18.717255595
Colombia,2023,17.781943786
Colombia,2022,16.401684315
Colombia,2021,13.920924735
Colombia,2020,16.633761518
Colombia,2019,17.208728026
Colombia,2018,16.058846502
Colombia,2017,14.557991333
Colombia,2016,15.112669752
Colombia,2015,19.631094984
Colombia,2014,19.675018182
Colombia,2013,19.087847925
Colombia,2012,17.248274352
Colombia,2011,14.752581915
Colombia,2010,11.970436075
Colombia,2009,12.487164439
Colombia,2008,10.619321423
Colombia,2007,8.331144212
Colombia,2006,7.497375835
Colombia,2005,6.029372953
Colombia,2004,5.724105161
"Congo, Dem. Rep.",2025,0.001038978
"Congo, Dem. Rep.",2024,9.45343E-4
"Congo, Dem. Rep.",2023,9.37058E-4
"Congo, Dem. Rep.",2022,7.87915E-4
"Congo, Dem. Rep.",2021,6.93762E-4
"Congo, Dem. Rep.",2020,7.37323E-4
"Congo, Dem. Rep.",2019,6.77403E-4
"Congo, Dem. Rep.",2018,5.4142E-4
"Congo, Dem. Rep.",2017,5.28825E-4
"Congo, Dem. Rep.",2016,5.39974E-4
"Congo, Dem. Rep.",2015,5.11369E-4
"Congo, Dem. Rep.",2014,4.65382E-4
"Congo, Dem. Rep.",2013,4.1734E-4
"Congo, Dem. Rep.",2012,3.67975E-4
"Congo, Dem. Rep.",2011,3.0711E-4
"Congo, Dem. Rep.",2010,2.65565E-4
"Congo, Dem. Rep.",2009,2.81802E-4
"Congo, Dem. Rep.",2008,2.38347E-4
"Congo, Dem. Rep.",2007,2.05805E-4
"Congo, Dem. Rep.",2006,1.70382E-4
"Congo, Dem. Rep.",2005,1.46643E-4
"Congo, Dem. Rep.",2004,1.37386E-4
Costa Rica,2025,0.25251076
Costa Rica,2024,0.261268922
Costa Rica,2023,0.209151885
Costa Rica,2022,0.196215291
Costa Rica,2021,0.188467305
Costa Rica,2020,0.194574981
Costa Rica,2019,0.188541472
Costa Rica,2018,0.182790035
Costa Rica,2017,0.177748708
Costa Rica,2016,0.170484055
Costa Rica,2015,0.157116699
Costa Rica,2014,0.153894588
Costa Rica,2013,0.142664247
Costa Rica,2012,0.129165409
Costa Rica,2011,0.113748675
Costa Rica,2010,0.092868102
Costa Rica,2009,0.093037346
Costa Rica,2008,0.081205826
Costa Rica,2007,0.068612786
Costa Rica,2006,0.060533198
Costa Rica,2005,0.056213708
Costa Rica,2004,0.053831864
Cote d'Ivoire,2025,14.90178962
Cote d'Ivoire,2024,13.849718054
Cote d'Ivoire,2023,12.321675779
Cote d'Ivoire,2022,12.781983392
Cote d'Ivoire,2021,11.067037419
Cote d'Ivoire,2020,10.602610201
Cote d'Ivoire,2019,10.275940282
Cote d'Ivoire,2018,9.220623107
Cote d'Ivoire,2017,8.4999009
Cote d'Ivoire,2016,8.044639854
Cote d'Ivoire,2015,8.576325335
Cote d'Ivoire,2014,7.508253972
Cote d'Ivoire,2013,6.374307968
Cote d'Ivoire,2012,6.443035141
Cote d'Ivoire,2011,6.134453428
Cote d'Ivoire,2010,5.950173036
Cote d'Ivoire,2009,5.983785639
Cote d'Ivoire,2008,5.049973759
Cote d'Ivoire,2007,4.439154027
Cote d'Ivoire,2006,4.220633686
Cote d'Ivoire,2005,4.128213309
Cote d'Ivoire,2004,4.000786723
Croatia,2025,5.37542772
Croatia,2024,5.520849597
Croatia,2023,4.657652302
Croatia,2022,4.5142676
Croatia,2021,3.791831507
Croatia,2020,4.021069018
Croatia,2019,4.034188406
Croatia,2018,3.675572416
Croatia,2017,3.444560548
Croatia,2016,3.336643883
Croatia,2015,3.899690488
Croatia,2014,3.915407566
Croatia,2013,3.764918191
Croatia,2012,4.115019014
Croatia,2011,3.858450817
Croatia,2010,4.07693967
Croatia,2009,4.479725337
Croatia,2008,3.879157285
Croatia,2007,3.244077614
Croatia,2006,2.944655587
Croatia,2005,2.736834803
Croatia,2004,2.627265109
Cuba,2025,0.227494305
Cuba,2024,0.218955757
Cuba,2023,0.211073828
Cuba,2022,0.203191899
Cuba,2021,0.194113112
Cuba,2020,0.187017763
Cuba,2019,0.180909688
Cuba,2018,0.175124646
Cuba,2017,0.165215312
Cuba,2016,0.1575529
Cuba,2015,0.145841778
Cuba,2014,0.139498457
Cuba,2013,0.132253028
Cuba,2012,0.12474722
Cuba,2011,0.10770132
Cuba,2010,0.1039376
Cuba,2009,0.101805104
Cuba,2008,0.098117731
Cuba,2007,0.088304769
Cuba,2006,0.077108277
Cuba,2005,0.069078389
Cuba,2004,0.06530967
Cyprus,2025,59.16630071
Cyprus,2024,52.857880409
Cyprus,2023,48.317596755
Cyprus,2022,47.376546791
Cyprus,2021,39.861624124
Cyprus,2020,40.862369875
Cyprus,2019,40.171886204
Cyprus,2018,35.792769089
Cyprus,2017,32.828921443
Cyprus,2016,31.055106954
Cyprus,2015,36.228504146
Cyprus,2014,37.373099612
Cyprus,2013,39.069765257
Cyprus,2012,43.116139558
Cyprus,2011,40.243542822
Cyprus,2010,40.630755035
Cyprus,2009,43.432938629
Cyprus,2008,37.38716026
Cyprus,2007,31.310102754
Cyprus,2006,28.753005763
Cyprus,2005,27.017130421
Cyprus,2004,25.724146353
Czech Republic,2025,1.662734089
Czech Republic,2024,1.388962528
Czech Republic,2023,1.221509839
Czech Republic,2022,1.177567521
Czech Republic,2021,1.016241989
Czech Republic,2020,1.039245133
Czech Republic,2019,1.019811442
Czech Republic,2018,0.896669348
Czech Republic,2017,0.801957424
Czech Republic,2016,0.76531994
Czech Republic,2015,0.853556665
Czech Republic,2014,0.862107974
Czech Republic,2013,0.851338909
Czech Republic,2012,0.936592996
Czech Republic,2011,0.854600791
Czech Republic,2010,0.837615535
Czech Republic,2009,0.957139611
Czech Republic,2008,0.76909579
Czech Republic,2007,0.632286979
Czech Republic,2006,0.555507309
Czech Republic,2005,0.486238869
Czech Republic,2004,0.464250394
Denmark,2025,14.78244083
Denmark,2024,14.572635442
Denmark,2023,14.388424547
Denmark,2022,14.618670268
Denmark,2021,12.730490688
Denmark,2020,12.364288305
Denmark,2019,12.718391332
Denmark,2018,11.870648924
Denmark,2017,11.175150771
Denmark,2016,10.802039584
Denmark,2015,12.630330935
Denmark,2014,12.336724684
Denmark,2013,11.698179414
Denmark,2012,12.325448658
Denmark,2011,11.538990558
Denmark,2010,11.548763115
Denmark,2009,12.707151103
Denmark,2008,11.462635751
Denmark,2007,10.144342968
Denmark,2006,9.491550528
Denmark,2005,9.020320013
Denmark,2004,8.776649346
Djibouti,2025,4.805902337
Djibouti,2024,4.083280347
Djibouti,2023,3.660626831
Djibouti,2022,3.373226958
Djibouti,2021,3.173299396
Djibouti,2020,3.077360365
Djibouti,2019,2.902626053
Djibouti,2018,2.752302082
Djibouti,2017,2.595262486
Djibouti,2016,2.415370898
Djibouti,2015,2.206438512
Djibouti,2014,2.035216072
Djibouti,2013,1.348596227
Djibouti,2012,1.234533786
Djibouti,2011,1.124412264
Djibouti,2010,1.045207063
Djibouti,2009,0.995387782
Djibouti,2008,0.844763919
Djibouti,2007,0.766012792
Djibouti,2006,0.705996451
Djibouti,2005,0.663593723
Djibouti,2004,0.617610165
Dominican Republic,2025,0.001038978
Dominican Republic,2024,9.23805E-4
Dominican Republic,2023,8.63658E-4
Dominican Republic,2022,7.16894E-4
Dominican Republic,2021,5.99758E-4
Dominican Republic,2020,6.76563E-4
Dominican Republic,2019,6.50806E-4
Dominican Republic,2018,6.08532E-4
Dominican Republic,2017,5.75873E-4
Dominican Republic,2016,5.41339E-4
Dominican Republic,2015,5.11027E-4
Dominican Republic,2014,4.76813E-4
Dominican Republic,2013,4.61595E-4
Dominican Republic,2012,4.41423E-4
Dominican Republic,2011,4.09706E-4
Dominican Republic,2010,3.67114E-4
Dominican Republic,2009,3.66061E-4
Dominican Republic,2008,3.34438E-4
Dominican Republic,2007,2.88146E-4
Dominican Republic,2006,2.72154E-4
Dominican Republic,2005,1.69803E-4
Dominican Republic,2004,1.65548E-4
Ecuador,2025,41.97592289
Ecuador,2024,38.399321654
Ecuador,2023,37.669429209
Ecuador,2022,34.712702443
Ecuador,2021,30.974539062
Ecuador,2020,34.764722223
Ecuador,2019,34.726919029
Ecuador,2018,33.753729102
Ecuador,2017,31.558052691
Ecuador,2016,31.408818927
Ecuador,2015,33.188619812
Ecuador,2014,31.202282952
Ecuador,2013,28.347564714
Ecuador,2012,25.520919709
Ecuador,2011,22.019982358
Ecuador,2010,19.41694131
Ecuador,2009,19.754410749
Ecuador,2008,16.106333672
Ecuador,2007,14.762878258
Ecuador,2006,13.014266301
Ecuador,2005,11.371636084
Ecuador,2004,10.644370401
Egypt,2025,6.859330054
Egypt,2024,7.350478066
Egypt,2023,8.849262673
Egypt,2022,7.882642566
Egypt,2021,7.124322075
Egypt,2020,5.915230225
Egypt,2019,4.874103375
Egypt,2018,4.610044353
Egypt,2017,6.170695171
Egypt,2016,6.113617884
Egypt,2015,5.672368686
Egypt,2014,5.353831017
Egypt,2013,5.180891476
Egypt,2012,4.380380197
Egypt,2011,4.064719594
Egypt,2010,3.510893568
Egypt,2009,3.022182054
Egypt,2008,2.421153575
Egypt,2007,1.994011285
Egypt,2006,1.663142426
Egypt,2005,1.462338068
Egypt,2004,1.404850576
El Salvador,2025,0.09329193
El Salvador,2024,0.090589165
El Salvador,2023,0.085191731
El Salvador,2022,0.077346637
El Salvador,2021,0.066369209
El Salvador,2020,0.071588877
El Salvador,2019,0.069297784
El Salvador,2018,0.066523673
El Salvador,2017,0.064425739
El Salvador,2016,0.062419871
El Salvador,2015,0.06017011
El Salvador,2014,0.058565527
El Salvador,2013,0.056954819
El Salvador,2012,0.054019027
El Salvador,2011,0.049129831
El Salvador,2010,0.046875996
El Salvador,2009,0.047902033
El Salvador,2008,0.045305076
El Salvador,2007,0.042610327
El Salvador,2006,0.03914318
El Salvador,2005,0.036551419
El Salvador,2004,0.036229194
Equatorial Guinea,2025,57.40114112
Equatorial Guinea,2024,42.657089763
Equatorial Guinea,2023,47.325036742
Equatorial Guinea,2022,42.236406833
Equatorial Guinea,2021,34.207875759
Equatorial Guinea,2020,39.291499688
Equatorial Guinea,2019,45.282928602
Equatorial Guinea,2018,42.18466826
Equatorial Guinea,2017,38.865104444
Equatorial Guinea,2016,45.588864677
Equatorial Guinea,2015,75.254069236
Equatorial Guinea,2014,75.888109871
Equatorial Guinea,2013,77.407715519
Equatorial Guinea,2012,73.843030657
Equatorial Guinea,2011,56.407199578
Equatorial Guinea,2010,51.95861231
Equatorial Guinea,2009,68.285270699
Equatorial Guinea,2008,45.195476742
Equatorial Guinea,2007,34.874180024
Equatorial Guinea,2006,28.41155938
Equatorial Guinea,2005,15.250220784
Equatorial Guinea,2004,11.050986578
Estonia,2025,1.538079796
Estonia,2024,1.454889702
Estonia,2023,1.35217318
Estonia,2022,1.31089618
Estonia,2021,1.12119924
Estonia,2020,1.123065885
Estonia,2019,1.100123927
Estonia,2018,0.967881619
Estonia,2017,0.865403458
Estonia,2016,0.821388821
Estonia,2015,0.953302403
Estonia,2014,0.896762626
Estonia,2013,0.818765883
Estonia,2012,0.82110934
Estonia,2011,0.6879372
Estonia,2010,0.691799959
Estonia,2009,0.857719011
Estonia,2008,0.791031076
Estonia,2007,0.599896526
Estonia,2006,0.497145425
Estonia,2005,0.428053591
Estonia,2004,0.400796634
Ethiopia,2025,0.101895926
Ethiopia,2024,0.081077812
Ethiopia,2023,0.062789268
Ethiopia,2022,0.05510684
Ethiopia,2021,0.053321819
Ethiopia,2020,0.047504456
Ethiopia,2019,0.041737603
Ethiopia,2018,0.040500218
Ethiopia,2017,0.036798358
Ethiopia,2016,0.031990381
Ethiopia,2015,0.027544123
Ethiopia,2014,0.023599665
Ethiopia,2013,0.021451322
Ethiopia,2012,0.015825851
Ethiopia,2011,0.014825876
Ethiopia,2010,0.016065881
Ethiopia,2009,0.013405943
Ethiopia,2008,0.009760965
Ethiopia,2007,0.007568442
Ethiopia,2006,0.006142147
Ethiopia,2005,0.005017865
Ethiopia,2004,0.0044182
Finland,2025,1.898076012
Finland,2024,1.915380616
Finland,2023,1.816284174
Finland,2022,1.90689682
Finland,2021,1.749904465
Finland,2020,1.730558299
Finland,2019,1.774979947
Finland,2018,1.645208329
Finland,2017,1.547550697
Finland,2016,1.51147026
Finland,2015,1.772452308
Finland,2014,1.751641407
Finland,2013,1.668520945
Finland,2012,1.783133206
Finland,2011,1.616587669
Finland,2010,1.642842717
Finland,2009,1.851651688
Finland,2008,1.661501883
Finland,2007,1.406689869
Finland,2006,1.327717329
Finland,2005,1.279750503
Finland,2004,1.230465683
France,2025,1.403390548
France,2024,1.323182301
France,2023,1.212392129
France,2022,1.286155413
France,2021,1.14806333
France,2020,1.180520389
France,2019,1.206009976
France,2018,1.122456678
France,2017,1.071095962
France,2016,1.058986348
France,2015,1.240548172
France,2014,1.220968145
France,2013,1.16327297
France,2012,1.24452401
France,2011,1.14732626
France,2010,1.170674012
France,2009,1.268973029
France,2008,1.151484198
France,2007,1.00495484
France,2006,0.95045074
France,2005,0.914741905
France,2004,0.889236377
Gambia,2025,0.002535122
Gambia,2024,0.002596276
Gambia,2023,0.002388912
Gambia,2022,0.002182417
Gambia,2021,0.001963555
Gambia,2020,0.001965114
Gambia,2019,0.001810235
Gambia,2018,0.001630626
Gambia,2017,0.001608597
Gambia,2016,0.001493306
Gambia,2015,0.001332168
Gambia,2014,0.001490524
Gambia,2013,0.001533211
Gambia,2012,0.001527456
Gambia,2011,0.001672218
Gambia,2010,0.001571284
Gambia,2009,0.001692233
Gambia,2008,0.001386606
Gambia,2007,0.00114217
Gambia,2006,0.001113553
Gambia,2005,0.001042255
Gambia,2004,9.73616E-4
Georgia,2025,0.964783651
Georgia,2024,1.020413813
Georgia,2023,0.828342879
Georgia,2022,0.625059574
Georgia,2021,0.530827229
Georgia,2020,0.584784591
Georgia,2019,0.593544183
Georgia,2018,0.546152952
Georgia,2017,0.512051343
Georgia,2016,0.504732467
Georgia,2015,0.595648486
Georgia,2014,0.580783645
Georgia,2013,0.560119702
Georgia,2012,0.513070555
Georgia,2011,0.412003935
Georgia,2010,0.356968398
Georgia,2009,0.424212536
Georgia,2008,0.337275181
Georgia,2007,0.256787431
Georgia,2006,0.212548528
Georgia,2005,0.169927277
Georgia,2004,0.160622901
Germany,2025,2.737970267
Germany,2024,2.791174263
Germany,2023,2.567853185
Germany,2022,2.68176482
Germany,2021,2.430036759
Germany,2020,2.440564488
Germany,2019,2.499031316
Germany,2018,2.320843175
Germany,2017,2.181885782
Germany,2016,2.111448057
Germany,2015,2.445862274
Germany,2014,2.348596416
Germany,2013,2.218964112
Germany,2012,2.358920621
Germany,2011,2.138942267
Germany,2010,2.146127273
Germany,2009,2.349028133
Germany,2008,2.14875458
Germany,2007,1.878777221
Germany,2006,1.784465541
Germany,2005,1.759136084
Germany,2004,1.73892339
Ghana,2025,4.639054116
Ghana,2024,4.46654095
Ghana,2023,4.343310639
Ghana,2022,4.651004866
Ghana,2021,4.096487466
Ghana,2020,3.996762505
Ghana,2019,3.935993146
Ghana,2018,3.532854942
Ghana,2017,3.284819347
Ghana,2016,2.889522335
Ghana,2015,3.204015585
Ghana,2014,3.674313483
Ghana,2013,2.413785325
Ghana,2012,2.300614457
Ghana,2011,1.8830876
Ghana,2010,1.523465631
Ghana,2009,1.6773206
Ghana,2008,1.452032878
Ghana,2007,1.221466428
Ghana,2006,0.628398656
Ghana,2005,0.519431854
Ghana,2004,0.491886226
Greece,2025,1.784823501
Greece,2024,1.686195608
Greece,2023,1.515725718
Greece,2022,1.511730059
Greece,2021,1.325166737
Greece,2020,1.435570176
Greece,2019,1.47707101
Greece,2018,1.387615348
Greece,2017,1.337174487
Greece,2016,1.347354068
Greece,2015,1.619813662
Greece,2014,1.638123057
Greece,2013,1.653946419
Greece,2012,1.961321282
Greece,2011,2.052660513
Greece,2010,2.263253186
Greece,2009,2.431472488
Greece,2008,2.175985787
Greece,2007,1.863299537
Greece,2006,1.678010394
Greece,2005,1.627209439
Greece,2004,1.544166243
Guatemala,2025,0.159827427
Guatemala,2024,0.148659249
Guatemala,2023,0.136106864
Guatemala,2022,0.123081654
Guatemala,2021,0.110614813
Guatemala,2020,0.109836082
Guatemala,2019,0.104365149
Guatemala,2018,0.101981745
Guatemala,2017,0.094011004
Guatemala,2016,0.088506785
Guatemala,2015,0.082338512
Guatemala,2014,0.075427591
Guatemala,2013,0.070584934
Guatemala,2012,0.066716629
Guatemala,2011,0.057893247
Guatemala,2010,0.05284007
Guatemala,2009,0.05480071
Guatemala,2008,0.047775696
Guatemala,2007,0.042333723
Guatemala,2006,0.03811966
Guatemala,2005,0.033556567
Guatemala,2004,0.032535626
Guinea,2025,0.003844367
Guinea,2024,0.004582604
Guinea,2023,0.004110096
Guinea,2022,0.003523562
Guinea,2021,0.002908316
Guinea,2020,0.002774997
Guinea,2019,0.002447636
Guinea,2018,0.002131312
Guinea,2017,0.001774455
Guinea,2016,0.001815379
Guinea,2015,0.001812132
Guinea,2014,0.001729177
Guinea,2013,0.001576714
Guinea,2012,0.00140065
Guinea,2011,0.001414755
Guinea,2010,0.001386565
Guinea,2009,0.001437609
Guinea,2008,0.001296771
Guinea,2007,8.71135E-4
Guinea,2006,8.84026E-4
Guinea,2005,0.001094233
Guinea,2004,0.001069212
Guinea-Bissau,2025,0.208989031
Guinea-Bissau,2024,0.207423438
Guinea-Bissau,2023,0.181931341
Guinea-Bissau,2022,0.187722406
Guinea-Bissau,2021,0.166720696
Guinea-Bissau,2020,0.160871549
Guinea-Bissau,2019,0.157377417
Guinea-Bissau,2018,0.148855566
Guinea-Bissau,2017,0.126080906
Guinea-Bissau,2016,0.116694758
Guinea-Bissau,2015,0.11495976
Guinea-Bissau,2014,0.112370659
Guinea-Bissau,2013,0.106267426
Guinea-Bissau,2012,0.1171697
Guinea-Bissau,2011,0.095199334
Guinea-Bissau,2010,0.090141745
Guinea-Bissau,2009,0.096470701
Guinea-Bissau,2008,0.07626812
Guinea-Bissau,2007,0.064280404
Guinea-Bissau,2006,0.06478613
Guinea-Bissau,2005,0.058952709
Guinea-Bissau,2004,0.05826985
Guyana,2025,1421.432529
Guyana,2024,1469.604655549
Guyana,2023,1260.537779386
Guyana,2022,688.692515911
Guyana,2021,468.578902751
Guyana,2020,443.100196776
Guyana,2019,410.031160544
Guyana,2018,406.651430225
Guyana,2017,383.914986083
Guyana,2016,366.541540726
Guyana,2015,353.508272069
Guyana,2014,356.946078526
Guyana,2013,347.978117078
Guyana,2012,316.143975947
Guyana,2011,294.007483022
Guyana,2010,271.119246732
Guyana,2009,259.088380038
Guyana,2008,233.890633935
Guyana,2007,203.816524341
Guyana,2006,70.645859219
Guyana,2005,67.471373526
Guyana,2004,66.432795023
Haiti,2025,0.001038978
Haiti,2024,8.48624E-4
Haiti,2023,8.65841E-4
Haiti,2022,8.92511E-4
Haiti,2021,6.20228E-4
Haiti,2020,6.41939E-4
Haiti,2019,7.01266E-4
Haiti,2018,6.45242E-4
Haiti,2017,6.01463E-4
Haiti,2016,6.34823E-4
Haiti,2015,6.4753E-4
Haiti,2014,6.37082E-4
Haiti,2013,5.86057E-4
Haiti,2012,5.56125E-4
Haiti,2011,5.06986E-4
Haiti,2010,4.95773E-4
Haiti,2009,4.4601E-4
Haiti,2008,3.94525E-4
Haiti,2007,3.26557E-4
Haiti,2006,3.00539E-4
Haiti,2005,2.60235E-4
Haiti,2004,2.6371E-4
Honduras,2025,0.001038978
Honduras,2024,9.25879E-4
Honduras,2023,8.45822E-4
Honduras,2022,7.57496E-4
Honduras,2021,6.28518E-4
Honduras,2020,6.69697E-4
Honduras,2019,6.47776E-4
Honduras,2018,6.22705E-4
Honduras,2017,5.84523E-4
Honduras,2016,5.64665E-4
Honduras,2015,5.31741E-4
Honduras,2014,4.97915E-4
Honduras,2013,4.9869E-4
Honduras,2012,4.76667E-4
Honduras,2011,4.26311E-4
Honduras,2010,3.92618E-4
Honduras,2009,3.73623E-4
Honduras,2008,3.32699E-4
Honduras,2007,2.93841E-4
Honduras,2006,2.62607E-4
Honduras,2005,2.38714E-4
Honduras,2004,2.2471E-4
Hungary,2025,3.444101772
Hungary,2024,3.676760356
Hungary,2023,3.06422952
Hungary,2022,3.152587132
Hungary,2021,2.722899771
Hungary,2020,2.839423103
Hungary,2019,2.779629375
Hungary,2018,2.477475425
Hungary,2017,2.226424859
Hungary,2016,2.166942736
Hungary,2015,2.441502243
Hungary,2014,2.348886016
Hungary,2013,2.229956393
Hungary,2012,2.457221035
Hungary,2011,2.288140158
Hungary,2010,2.2689937
Hungary,2009,2.740851739
Hungary,2008,2.42683945
Hungary,2007,2.003211095
Hungary,2006,1.959845927
Hungary,2005,1.802484898
Hungary,2004,1.716576743
Iceland,2025,7.15379368
Iceland,2024,8.196907499
Iceland,2023,7.528358978
Iceland,2022,6.757755867
Iceland,2021,5.659954217
Iceland,2020,6.458417816
Iceland,2019,6.871730635
Iceland,2018,6.470701102
Iceland,2017,5.440990927
Iceland,2016,4.583764406
Iceland,2015,4.67546781
Iceland,2014,4.219477659
Iceland,2013,3.86005739
Iceland,2012,3.983073292
Iceland,2011,3.598294744
Iceland,2010,3.442142549
Iceland,2009,4.729623669
Iceland,2008,5.66585555
Iceland,2007,4.570185728
Iceland,2006,4.409949412
Iceland,2005,3.617695271
Iceland,2004,3.355857836
India,2025,0.707387929
India,2024,0.646724814
India,2023,0.607916431
India,2022,0.574162129
India,2021,0.484896321
India,2020,0.514038864
India,2019,0.489986658
India,2018,0.480657999
India,2017,0.416000926
India,2016,0.381338412
India,2015,0.369653115
India,2014,0.336585863
India,2013,0.331314246
India,2012,0.330482172
India,2011,0.303756088
India,2010,0.243257575
India,2009,0.217336374
India,2008,0.220570406
India,2007,0.170450162
India,2006,0.148719062
India,2005,0.128555127
India,2004,0.119117521
Indonesia,2025,5.76311974
Indonesia,2024,5.168710419
Indonesia,2023,4.972353931
Indonesia,2022,4.472623088
Indonesia,2021,3.992154707
Indonesia,2020,4.218516909
Indonesia,2019,3.928901455
Indonesia,2018,3.828442626
Indonesia,2017,3.51276819
Indonesia,2016,3.245042583
Indonesia,2015,3.357982433
Indonesia,2014,3.439815855
Indonesia,2013,3.459967934
Indonesia,2012,3.366102069
Indonesia,2011,2.846373699
Indonesia,2010,2.0339803
Indonesia,2009,1.923339884
Indonesia,2008,1.629268808
Indonesia,2007,1.374273012
Indonesia,2006,1.077600938
Indonesia,2005,0.968163013
Indonesia,2004,0.921788971
Iran,2025,5.76311974
Iran,2024,4.424442666
Iran,2023,4.312220379
Iran,2022,4.192737486
Iran,2021,2.866911481
Iran,2020,3.646912689
Iran,2019,4.361612182
Iran,2018,5.348890567
Iran,2017,5.019473377
Iran,2016,4.474370266
Iran,2015,5.054923504
Iran,2014,5.471697593
Iran,2013,7.042120727
Iran,2012,6.878789898
Iran,2011,5.325938742
Iran,2010,4.527589196
Iran,2009,4.440243232
Iran,2008,3.824250801
Iran,2007,2.904264237
Iran,2006,2.459967641
Iran,2005,2.053034735
Iran,2004,1.967702069
Iraq,2025,36.00608916
Iraq,2024,31.003161222
Iraq,2023,35.427522923
Iraq,2022,25.917067181
Iraq,2021,22.35837102
Iraq,2020,28.876446922
Iraq,2019,28.101624352
Iraq,2018,23.139373383
Iraq,2017,20.608871345
Iraq,2016,20.612579221
Iraq,2015,28.23127643
Iraq,2014,29.000289993
Iraq,2013,26.94414894
Iraq,2012,22.957934632
Iraq,2011,17.120130452
Iraq,2010,13.800468722
Iraq,2009,16.266948095
Iraq,2008,10.979894239
Iraq,2007,8.051907184
Iraq,2006,6.187840648
Iraq,2005,4.527770576
Iraq,2004,2.951888659
Ireland,2025,0.743128562
Ireland,2024,0.61749955
Ireland,2023,0.614335872
Ireland,2022,0.59500328
Ireland,2021,0.48889296
Ireland,2020,0.455933594
Ireland,2019,0.442871244
Ireland,2018,0.390316113
Ireland,2017,0.342386111
Ireland,2016,0.338643452
Ireland,2015,0.298771031
Ireland,2014,0.272470508
Ireland,2013,0.254517615
Ireland,2012,0.270269931
Ireland,2011,0.248599017
Ireland,2010,0.264789209
Ireland,2009,0.308469243
Ireland,2008,0.302457695
Ireland,2007,0.260016255
Ireland,2006,0.237278089
Ireland,2005,0.217674485
Ireland,2004,0.203837699
Israel,2025,10.92763414
Israel,2024,10.948001541
Israel,2023,11.190766571
Israel,2022,10.438491268
Israel,2021,8.776310723
Israel,2020,8.518859144
Israel,2019,7.996602055
Israel,2018,7.614559942
Israel,2017,6.841480472
Israel,2016,6.452766531
Israel,2015,6.695062614
Israel,2014,6.3442907
Israel,2013,5.604293267
Israel,2012,5.699958335
Israel,2011,5.092608788
Israel,2010,4.528615469
Israel,2009,4.701230379
Israel,2008,3.923568023
Israel,2007,3.383299128
Israel,2006,3.135610162
Israel,2005,2.982051529
Israel,2004,2.848749512
Italy,2025,4.34932135
Italy,2024,4.470378868
Italy,2023,4.085811347
Italy,2022,4.233875865
Italy,2021,3.705945519
Italy,2020,3.923797173
Italy,2019,4.078894804
Italy,2018,3.828811287
Italy,2017,3.666369686
Italy,2016,3.585391742
Italy,2015,4.222315914
Italy,2014,4.18340065
Italy,2013,4.075961102
Italy,2012,4.482094247
Italy,2011,4.167294432
Italy,2010,4.292685903
Italy,2009,4.696856771
Italy,2008,4.318020653
Italy,2007,3.805186244
Italy,2006,3.623374439
Italy,2005,3.522016009
Italy,2004,3.470854856
Jamaica,2025,0.030953037
Jamaica,2024,0.031642538
Jamaica,2023,0.027853918
Jamaica,2022,0.023878636
Jamaica,2021,0.022501781
Jamaica,2020,0.025789861
Jamaica,2019,0.025626994
Jamaica,2018,0.02412528
Jamaica,2017,0.022932962
Jamaica,2016,0.023115161
Jamaica,2015,0.02264318
Jamaica,2014,0.02323778
Jamaica,2013,0.024122187
Jamaica,2012,0.023531761
Jamaica,2011,0.021537564
Jamaica,2010,0.019745407
Jamaica,2009,0.022333951
Jamaica,2008,0.020851795
Jamaica,2007,0.019435424
Jamaica,2006,0.018317353
Jamaica,2005,0.01657552
Jamaica,2004,0.016358972
Japan,2025,1.276232982
Japan,2024,1.307536483
Japan,2023,1.323682863
Japan,2022,1.565695085
Japan,2021,1.572216456
Japan,2020,1.591621967
Japan,2019,1.567641855
Japan,2018,1.533420983
Japan,2017,1.556073185
Japan,2016,1.382309897
Japan,2015,1.522894116
Japan,2014,1.620960362
Japan,2013,1.950614589
Japan,2012,1.938420837
Japan,2011,1.790988712
Japan,2010,1.644956023
Japan,2009,1.588104718
Japan,2008,1.424236996
Japan,2007,1.431050694
Japan,2006,1.502518329
Japan,2005,1.521690601
Japan,2004,1.489136357
Jordan,2025,0.071297567
Jordan,2024,0.061231307
Jordan,2023,0.058585254
Jordan,2022,0.055619211
Jordan,2021,0.052500768
Jordan,2020,0.053465023
Jordan,2019,0.052104886
Jordan,2018,0.049987544
Jordan,2017,0.047926115
Jordan,2016,0.046357673
Jordan,2015,0.044268023
Jordan,2014,0.041392877
Jordan,2013,0.038005131
Jordan,2012,0.035469723
Jordan,2011,0.032598011
Jordan,2010,0.029479314
Jordan,2009,0.027221729
Jordan,2008,0.020556138
Jordan,2007,0.018089157
Jordan,2006,0.015124172
Jordan,2005,0.013709797
Jordan,2004,0.012627934
Kazakhstan,2025,38.94589798
Kazakhstan,2024,30.549587271
Kazakhstan,2023,26.228896106
Kazakhstan,2022,22.927369751
Kazakhstan,2021,19.899652338
Kazakhstan,2020,21.130862051
Kazakhstan,2019,20.860193652
Kazakhstan,2018,19.402283162
Kazakhstan,2017,15.967690778
Kazakhstan,2016,21.447359134
Kazakhstan,2015,25.754324956
Kazakhstan,2014,27.524545137
Kazakhstan,2013,24.193707034
Kazakhstan,2012,22.405574119
Kazakhstan,2011,17.220302719
Kazakhstan,2010,13.412334503
Kazakhstan,2009,15.521500844
Kazakhstan,2008,12.195780665
Kazakhstan,2007,9.422082652
Kazakhstan,2006,6.644423188
Kazakhstan,2005,5.019246754
Kazakhstan,2004,4.579604703
Kenya,2025,0.482165607
Kenya,2024,0.479325494
Kenya,2023,0.50776408
Kenya,2022,0.486712428
Kenya,2021,0.446578972
Kenya,2020,0.445336725
Kenya,2019,0.409067456
Kenya,2018,0.363962931
Kenya,2017,0.331924638
Kenya,2016,0.311096158
Kenya,2015,0.302956554
Kenya,2014,0.273611322
Kenya,2013,0.250209446
Kenya,2012,0.20794096
Kenya,2011,0.201446412
Kenya,2010,0.187877536
Kenya,2009,0.159252326
Kenya,2008,0.14178563
Kenya,2007,0.114577388
Kenya,2006,0.083132489
Kenya,2005,0.071408523
Kenya,2004,0.067940629
Kiribati,2025,0.001038978
Kiribati,2024,8.51917E-4
Kiribati,2023,8.26387E-4
Kiribati,2022,8.82827E-4
Kiribati,2021,6.80791E-4
Kiribati,2020,6.62062E-4
Kiribati,2019,7.12496E-4
Kiribati,2018,6.80034E-4
Kiribati,2017,6.29971E-4
Kiribati,2016,5.84483E-4
Kiribati,2015,6.11113E-4
Kiribati,2014,6.15517E-4
Kiribati,2013,6.31599E-4
Kiribati,2012,5.9794E-4
Kiribati,2011,5.04844E-4
Kiribati,2010,4.27707E-4
Kiribati,2009,4.48578E-4
Kiribati,2008,4.21231E-4
Kiribati,2007,3.42765E-4
Kiribati,2006,3.47516E-4
Kiribati,2005,3.17585E-4
Kiribati,2004,3.19531E-4
Kuwait,2025,322.5849403
Kuwait,2024,402.506558993
Kuwait,2023,452.258980857
Kuwait,2022,365.020746107
Kuwait,2021,273.029784327
Kuwait,2020,346.327014286
Kuwait,2019,340.893218769
Kuwait,2018,296.7393274
Kuwait,2017,269.002382945
Kuwait,2016,281.736150815
Kuwait,2015,399.912597789
Kuwait,2014,428.232261494
Kuwait,2013,427.937213771
Kuwait,2012,378.740465114
Kuwait,2011,283.776897549
Kuwait,2010,260.549265756
Kuwait,2009,362.367775362
Kuwait,2008,281.854169907
Kuwait,2007,249.701344569
Kuwait,2006,198.662096995
Kuwait,2005,146.144734907
Kuwait,2004,132.569248704
Kyrgyz Republic,2025,322.5849403
Kyrgyz Republic,2024,357.819239645
Kyrgyz Republic,2023,310.425171318
Kyrgyz Republic,2022,236.60323948
Kyrgyz Republic,2021,211.567880573
Kyrgyz Republic,2020,239.727751644
Kyrgyz Republic,2019,211.584191636
Kyrgyz Republic,2018,197.049819436
Kyrgyz Republic,2017,174.28663559
Kyrgyz Republic,2016,170.835284946
Kyrgyz Republic,2015,191.042451543
Kyrgyz Republic,2014,187.63840692
Kyrgyz Republic,2013,168.966977094
Kyrgyz Republic,2012,158.545818228
Kyrgyz Republic,2011,122.645163823
Kyrgyz Republic,2010,119.977040293
Kyrgyz Republic,2009,131.485924604
Kyrgyz Republic,2008,97.27402765
Kyrgyz Republic,2007,72.501224903
Kyrgyz Republic,2006,62.935876825
Kyrgyz Republic,2005,56.57353976
Kyrgyz Republic,2004,52.859221422
Laos,2025,0.087855563
Laos,2024,0.084046635
Laos,2023,0.08206063
Laos,2022,0.099876471
Laos,2021,0.100696912
Laos,2020,0.099417134
Laos,2019,0.096239911
Laos,2018,0.090561073
Laos,2017,0.08441451
Laos,2016,0.076530757
Laos,2015,0.070445305
Laos,2014,0.063570167
Laos,2013,0.05407221
Laos,2012,0.046418584
Laos,2011,0.037833457
Laos,2010,0.030960227
Laos,2009,0.028892879
Laos,2008,0.022403477
Laos,2007,0.01832865
Laos,2006,0.014511914
Laos,2005,0.012553547
Laos,2004,0.011803139
Latvia,2025,0.268756727
Latvia,2024,0.272539497
Latvia,2023,0.245258716
Latvia,2022,0.246330995
Latvia,2021,0.215332818
Latvia,2020,0.213523816
Latvia,2019,0.214481343
Latvia,2018,0.189600764
Latvia,2017,0.174931556
Latvia,2016,0.169947931
Latvia,2015,0.19531725
Latvia,2014,0.188059424
Latvia,2013,0.174925395
Latvia,2012,0.171437989
Latvia,2011,0.151393393
Latvia,2010,0.165735221
Latvia,2009,0.220205063
Latvia,2008,0.189790677
Latvia,2007,0.131825014
Latvia,2006,0.105195509
Latvia,2005,0.089197978
Latvia,2004,0.082039882
Lebanon,2025,0.004239104
Lebanon,2024,0.0051465
Lebanon,2023,0.002345781
Lebanon,2022,0.002584859
Lebanon,2021,0.003543645
Lebanon,2020,0.005766665
Lebanon,2019,0.006134924
Lebanon,2018,0.005925534
Lebanon,2017,0.005715413
Lebanon,2016,0.005579312
Lebanon,2015,0.005374359
Lebanon,2014,0.005238578
Lebanon,2013,0.00491862
Lebanon,2012,0.004461623
Lebanon,2011,0.004295882
Lebanon,2010,0.003955697
Lebanon,2009,0.003253869
Lebanon,2008,0.002774312
Lebanon,2007,0.002460909
Lebanon,2006,0.002402202
Lebanon,2005,0.002364487
Lebanon,2004,0.002216441
Lesotho,2025,0.001038978
Lesotho,2024,0.001124032
Lesotho,2023,0.001249663
Lesotho,2022,0.001280151
Lesotho,2021,0.001089927
Lesotho,2020,0.001268779
Lesotho,2019,0.001356636
Lesotho,2018,0.00122422
Lesotho,2017,0.001122155
Lesotho,2016,0.001252318
Lesotho,2015,0.001295506
Lesotho,2014,0.00125626
Lesotho,2013,0.001314951
Lesotho,2012,0.001368928
Lesotho,2011,0.001186015
Lesotho,2010,9.23917E-4
Lesotho,2009,9.3772E-4
Lesotho,2008,8.92731E-4
Lesotho,2007,9.55334E-4
Lesotho,2006,8.92843E-4
Lesotho,2005,8.02034E-4
Lesotho,2004,7.88687E-4
Liberia,2025,0.003518067
Liberia,2024,0.003031964
Liberia,2023,0.002861092
Liberia,2022,0.002512132
Liberia,2021,0.002271203
Liberia,2020,0.002373797
Liberia,2019,0.002447564
Liberia,2018,0.002424644
Liberia,2017,0.002430162
Liberia,2016,0.002307636
Liberia,2015,0.002306618
Liberia,2014,0.002271969
Liberia,2013,0.001996244
Liberia,2012,0.001714776
Liberia,2011,0.001428742
Liberia,2010,0.001264272
Liberia,2009,0.001234238
Liberia,2008,9.81813E-4
Liberia,2007,8.00181E-4
Liberia,2006,6.78616E-4
Liberia,2005,6.41432E-4
Liberia,2004,6.25056E-4
Libya,2025,45.57094127
Libya,2024,35.009438761
Libya,2023,33.573112368
Libya,2022,27.340553574
Libya,2021,36.37407745
Libya,2020,53.763885089
Libya,2019,59.533158172
Libya,2018,52.135900569
Libya,2017,38.74790998
Libya,2016,37.820535507
Libya,2015,44.539501267
Libya,2014,58.49682643
Libya,2013,71.841694287
Libya,2012,37.394925506
Libya,2011,58.519897234
Libya,2010,47.207108681
Libya,2009,67.315596427
Libya,2008,52.815592038
Libya,2007,46.652557267
Libya,2006,36.747027706
Libya,2005,25.713622008
Libya,2004,24.61537293
Lithuania,2025,1.659874012
Lithuania,2024,1.72810296
Lithuania,2023,1.538464151
Lithuania,2022,1.451905888
Lithuania,2021,1.243439856
Lithuania,2020,1.19384324
Lithuania,2019,1.175211341
Lithuania,2018,1.034324262
Lithuania,2017,0.930667916
Lithuania,2016,0.899701181
Lithuania,2015,1.046231539
Lithuania,2014,1.002852683
Lithuania,2013,0.925006964
Lithuania,2012,0.935340724
Lithuania,2011,0.793514922
Lithuania,2010,0.812059765
Lithuania,2009,1.035937573
Lithuania,2008,0.860460834
Lithuania,2007,0.652261709
Lithuania,2006,0.565391089
Lithuania,2005,0.492575387
Lithuania,2004,0.462503254
Luxembourg,2025,0.001038978
Luxembourg,2024,0.001030055
Luxembourg,2023,9.80649E-4
Luxembourg,2022,0.001028003
Luxembourg,2021,8.85248E-4
Luxembourg,2020,8.39497E-4
Luxembourg,2019,8.52828E-4
Luxembourg,2018,7.89309E-4
Luxembourg,2017,7.47325E-4
Luxembourg,2016,7.21556E-4
Luxembourg,2015,8.26456E-4
Luxembourg,2014,7.83196E-4
Luxembourg,2013,7.1801E-4
Luxembourg,2012,7.41071E-4
Luxembourg,2011,6.7522E-4
Luxembourg,2010,6.5424E-4
Luxembourg,2009,7.06814E-4
Luxembourg,2008,6.19648E-4
Luxembourg,2007,5.1542E-4
Luxembourg,2006,4.52505E-4
Luxembourg,2005,4.21185E-4
Luxembourg,2004,4.04085E-4
Madagascar,2025,0.043905421
Madagascar,2024,0.047434314
Madagascar,2023,0.04546542
Madagascar,2022,0.043723232
Madagascar,2021,0.039207202
Madagascar,2020,0.04237114
Madagascar,2019,0.041335849
Madagascar,2018,0.039582325
Madagascar,2017,0.035593847
Madagascar,2016,0.034014938
Madagascar,2015,0.03761961
Madagascar,2014,0.037321001
Madagascar,2013,0.034783838
Madagascar,2012,0.034702262
Madagascar,2011,0.02998858
Madagascar,2010,0.028889602
Madagascar,2009,0.032218867
Madagascar,2008,0.025608401
Madagascar,2007,0.01921305
Madagascar,2006,0.017601548
Madagascar,2005,0.015214718
Madagascar,2004,0.014454827
Malawi,2025,0.001038978
Malawi,2024,9.49537E-4
Malawi,2023,9.28391E-4
Malawi,2022,9.24587E-4
Malawi,2021,8.79111E-4
Malawi,2020,8.25521E-4
Malawi,2019,7.37931E-4
Malawi,2018,6.6804E-4
Malawi,2017,5.90829E-4
Malawi,2016,6.88651E-4
Malawi,2015,6.57417E-4
Malawi,2014,5.9992E-4
Malawi,2013,6.55316E-4
Malawi,2012,8.7006E-4
Malawi,2011,7.56537E-4
Malawi,2010,6.72995E-4
Malawi,2009,5.78411E-4
Malawi,2008,4.81874E-4
Malawi,2007,4.34598E-4
Malawi,2006,3.97409E-4
Malawi,2005,3.77863E-4
Malawi,2004,3.58434E-4
Malaysia,2025,20.1805905
Malaysia,2024,22.267584842
Malaysia,2023,22.707749933
Malaysia,2022,20.823580391
Malaysia,2021,18.799690048
Malaysia,2020,20.344084006
Malaysia,2019,19.988152507
Malaysia,2018,17.777577792
Malaysia,2017,16.7829863
Malaysia,2016,16.788501595
Malaysia,2015,18.833673177
Malaysia,2014,18.009721563
Malaysia,2013,17.517634707
Malaysia,2012,16.598920301
Malaysia,2011,14.207065089
Malaysia,2010,11.267747232
Malaysia,2009,12.85854766
Malaysia,2008,10.782679842
Malaysia,2007,9.063579172
Malaysia,2006,7.996286068
Malaysia,2005,6.949772811
Malaysia,2004,6.508287202
Maldives,2025,0.002060655
Maldives,2024,0.001948672
Maldives,2023,0.001826335
Maldives,2022,0.001552948
Maldives,2021,0.001097673
Maldives,2020,0.001692984
Maldives,2019,0.001597855
Maldives,2018,0.001424031
Maldives,2017,0.001303849
Maldives,2016,0.001220935
Maldives,2015,0.001093164
Maldives,2014,9.74207E-4
Maldives,2013,8.53327E-4
Maldives,2012,8.20268E-4
Maldives,2011,7.65223E-4
Maldives,2010,6.93413E-4
Maldives,2009,6.71638E-4
Maldives,2008,5.52409E-4
Maldives,2007,4.65726E-4
Maldives,2006,3.43961E-4
Maldives,2005,3.62726E-4
Maldives,2004,3.42788E-4
Mali,2025,0.006288091
Mali,2024,0.005394567
Mali,2023,0.004903335
Mali,2022,0.005041488
Mali,2021,0.004560021
Mali,2020,0.004511683
Mali,2019,0.004457015
Mali,2018,0.004011818
Mali,2017,0.003662046
Mali,2016,0.003421509
Mali,2015,0.003750527
Mali,2014,0.00345752
Mali,2013,0.003248478
Mali,2012,0.003392881
Mali,2011,0.002790824
Mali,2010,0.002671452
Mali,2009,0.002568698
Mali,2008,0.002129564
Mali,2007,0.001803063
Mali,2006,0.001631157
Mali,2005,0.001424044
Mali,2004,0.00140217
Malta,2025,1.67337027
Malta,2024,1.696839831
Malta,2023,1.459840762
Malta,2022,1.498490153
Malta,2021,1.245229474
Malta,2020,1.241572193
Malta,2019,1.227588255
Malta,2018,1.076177092
Malta,2017,0.913885803
Malta,2016,0.861830928
Malta,2015,0.90341765
Malta,2014,0.820489319
Malta,2013,0.730265553
Malta,2012,0.743931502
Malta,2011,0.691319611
Malta,2010,0.663786816
Malta,2009,0.694236192
Malta,2008,0.600991285
Malta,2007,0.512946494
Malta,2006,0.485846683
Malta,2005,0.46387721
Malta,2004,0.461996147
Mauritania,2025,3.431660636
Mauritania,2024,2.736677993
Mauritania,2023,2.455669425
Mauritania,2022,2.369489378
Mauritania,2021,2.122384153
Mauritania,2020,2.028353243
Mauritania,2019,1.920133243
Mauritania,2018,1.747116969
Mauritania,2017,1.643990748
Mauritania,2016,1.5844143
Mauritania,2015,1.693780066
Mauritania,2014,1.855779101
Mauritania,2013,1.728637193
Mauritania,2012,1.737994079
Mauritania,2011,1.446193107
Mauritania,2010,1.211291952
Mauritania,2009,1.337657792
Mauritania,2008,1.11664553
Mauritania,2007,1.007032814
Mauritania,2006,0.754333386
Mauritania,2005,0.606982815
Mauritania,2004,0.57955393
Mauritius,2025,0.029078266
Mauritius,2024,0.02785597
Mauritius,2023,0.024590856
Mauritius,2022,0.021844865
Mauritius,2021,0.021699842
Mauritius,2020,0.027459986
Mauritius,2019,0.02802939
Mauritius,2018,0.02608504
Mauritius,2017,0.023955875
Mauritius,2016,0.022839576
Mauritius,2015,0.024868855
Mauritius,2014,0.023382986
Mauritius,2013,0.022195521
Mauritius,2012,0.021909661
Mauritius,2011,0.019028405
Mauritius,2010,0.017364358
Mauritius,2009,0.01900308
Mauritius,2008,0.015502745
Mauritius,2007,0.013369798
Mauritius,2006,0.012508694
Mauritius,2005,0.012682379
Mauritius,2004,0.012156021
Mexico,2025,33.29724342
Mexico,2024,27.282241374
Mexico,2023,22.329347478
Mexico,2022,20.076451714
Mexico,2021,17.09510847
Mexico,2020,19.886448456
Mexico,2019,19.157391014
Mexico,2018,18.157357819
Mexico,2017,16.960459292
Mexico,2016,18.501529049
Mexico,2015,20.807491533
Mexico,2014,20.242208969
Mexico,2013,19.139244636
Mexico,2012,18.741244234
Mexico,2011,16.85661321
Mexico,2010,14.386525119
Mexico,2009,17.71254281
Mexico,2008,16.809951093
Mexico,2007,15.558155958
Mexico,2006,13.992108245
Mexico,2005,12.49597746
Mexico,2004,12.06577922
Micronesia,2025,33.29724342
Micronesia,2024,33.539429686
Micronesia,2023,31.352075576
Micronesia,2022,28.435603429
Micronesia,2021,27.123190963
Micronesia,2020,28.727250644
Micronesia,2019,28.581427037
Micronesia,2018,26.175337516
Micronesia,2017,23.696336191
Micronesia,2016,23.075849451
Micronesia,2015,23.27863905
Micronesia,2014,23.128674052
Micronesia,2013,23.860292964
Micronesia,2012,22.69756114
Micronesia,2011,21.650729919
Micronesia,2010,20.436055725
Micronesia,2009,19.186383867
Micronesia,2008,18.72281791
Micronesia,2007,18.486197234
Micronesia,2006,18.248504754
Micronesia,2005,17.516040065
Micronesia,2004,18.072707104
Moldova,2025,0.29703328
Moldova,2024,0.260446676
Moldova,2023,0.228496844
Moldova,2022,0.215606005
Moldova,2021,0.181574778
Moldova,2020,0.184819463
Moldova,2019,0.177190924
Moldova,2018,0.149823417
Moldova,2017,0.125675582
Moldova,2016,0.122789945
Moldova,2015,0.148054809
Moldova,2014,0.149544913
Moldova,2013,0.137142895
Moldova,2012,0.132500887
Moldova,2011,0.109835118
Moldova,2010,0.085654827
Moldova,2009,0.095345379
Moldova,2008,0.069305318
Moldova,2007,0.053669833
Moldova,2006,0.047057466
Moldova,2005,0.040914662
Moldova,2004,0.038095589
Monaco,2025,0.048136359
Monaco,2024,0.047421698
Monaco,2023,0.041752548
Monaco,2022,0.040911903
Monaco,2021,0.031933141
Monaco,2020,0.03503008
Monaco,2019,0.034085179
Monaco,2018,0.030507543
Monaco,2017,0.030702234
Monaco,2016,0.029722358
Monaco,2015,0.033542818
Monaco,2014,0.03110219
Monaco,2013,0.02724576
Monaco,2012,0.028887032
Monaco,2011,0.025465728
Monaco,2010,0.025972512
Monaco,2009,0.030852401
Monaco,2008,0.027876959
Monaco,2007,0.021761628
Monaco,2006,0.019948453
Monaco,2005,0.019184127
Monaco,2004,0.018721613
Mongolia,2025,0.516018587
Mongolia,2024,0.397252544
Mongolia,2023,0.335126141
Mongolia,2022,0.298772034
Mongolia,2021,0.260200942
Mongolia,2020,0.277661921
Mongolia,2019,0.257564594
Mongolia,2018,0.224392065
Mongolia,2017,0.218538424
Mongolia,2016,0.227109684
Mongolia,2015,0.238966054
Mongolia,2014,0.245916377
Mongolia,2013,0.24026102
Mongolia,2012,0.203458489
Mongolia,2011,0.140517735
Mongolia,2010,0.089590915
Mongolia,2009,0.109905228
Mongolia,2008,0.082772662
Mongolia,2007,0.06672739
Mongolia,2006,0.04932101
Mongolia,2005,0.038934754
Mongolia,2004,0.035195129
Montenegro,2025,0.061375815
Montenegro,2024,0.05148414
Montenegro,2023,0.042591063
Montenegro,2022,0.040072613
Montenegro,2021,0.032610868
Montenegro,2020,0.037889165
Montenegro,2019,0.037649116
Montenegro,2018,0.033202941
Montenegro,2017,0.029923606
Montenegro,2016,0.027720829
Montenegro,2015,0.031406633
Montenegro,2014,0.030530987
Montenegro,2013,0.027945045
Montenegro,2012,0.031068732
Montenegro,2011,0.02832419
Montenegro,2010,0.028435946
Montenegro,2009,0.031077251
Montenegro,2008,0.025163791
Montenegro,2007,0.018608738
Montenegro,2006,0.015431544
Montenegro,2005,0.014174008
Montenegro,2004,0.013573249
Morocco,2025,0.166128406
Morocco,2024,0.143005792
Morocco,2023,0.129672368
Morocco,2022,0.140634195
Morocco,2021,0.120168158
Morocco,2020,0.127660225
Morocco,2019,0.126096654
Morocco,2018,0.117382646
Morocco,2017,0.110482735
Morocco,2016,0.109335061
Morocco,2015,0.11796688
Morocco,2014,0.114608026
Morocco,2013,0.105892037
Morocco,2012,0.109005315
Morocco,2011,0.099879371
Morocco,2010,0.100166537
Morocco,2009,0.10082801
Morocco,2008,0.086098279
Morocco,2007,0.075142305
Morocco,2006,0.068179846
Morocco,2005,0.065468094
Morocco,2004,0.06260613
Mozambique,2025,3.35313819
Mozambique,2024,3.3038336
Mozambique,2023,2.977349349
Mozambique,2022,2.549203092
Mozambique,2021,2.244486183
Mozambique,2020,2.44588308
Mozambique,2019,2.367773783
Mozambique,2018,2.091424228
Mozambique,2017,1.902916697
Mozambique,2016,2.555656535
Mozambique,2015,2.834614333
Mozambique,2014,2.711605058
Mozambique,2013,2.631200285
Mozambique,2012,2.305009023
Mozambique,2011,1.799303408
Mozambique,2010,1.933637509
Mozambique,2009,2.0371388
Mozambique,2008,1.704632763
Mozambique,2007,1.499407408
Mozambique,2006,1.39828937
Mozambique,2005,1.251460107
Mozambique,2004,1.156567182
Myanmar,2025,1.540161983
Myanmar,2024,1.454419003
Myanmar,2023,1.356279929
Myanmar,2022,1.445435797
Myanmar,2021,1.721271591
Myanmar,2020,1.635410589
Myanmar,2019,1.478447337
Myanmar,2018,1.43906866
Myanmar,2017,1.379053686
Myanmar,2016,1.298637926
Myanmar,2015,1.427703345
Myanmar,2014,1.31307027
Myanmar,2013,1.305838521
Myanmar,2012,1.306699731
Myanmar,2011,1.079324
Myanmar,2010,0.804058808
Myanmar,2009,0.694175509
Myanmar,2008,0.439706796
Myanmar,2007,0.315960785
Myanmar,2006,0.261154917
Myanmar,2005,0.230226314
Myanmar,2004,0.202727073
Namibia,2025,24.78935311
Namibia,2024,24.659659918
Namibia,2023,25.091409612
Namibia,2022,24.762405532
Namibia,2021,21.131172376
Namibia,2020,25.040811187
Namibia,2019,27.317079804
Namibia,2018,25.746049012
Namibia,2017,21.407238196
Namibia,2016,22.631418521
Namibia,2015,24.828182033
Namibia,2014,24.045280463
Namibia,2013,26.039345275
Namibia,2012,25.003737194
Namibia,2011,22.823590848
Namibia,2010,17.847015171
Namibia,2009,17.185321245
Namibia,2008,17.648734591
Namibia,2007,15.976096024
Namibia,2006,14.471872375
Namibia,2005,13.195728394
Namibia,2004,11.753613172
Nepal,2025,0.001038978
Nepal,2024,8.77751E-4
Nepal,2023,8.83649E-4
Nepal,2022,7.92284E-4
Nepal,2021,7.17375E-4
Nepal,2020,7.33522E-4
Nepal,2019,7.10463E-4
Nepal,2018,6.21634E-4
Nepal,2017,5.26206E-4
Nepal,2016,5.22702E-4
Nepal,2015,4.87745E-4
Nepal,2014,4.75527E-4
Nepal,2013,4.65676E-4
Nepal,2012,4.62903E-4
Nepal,2011,3.43364E-4
Nepal,2010,2.75825E-4
Nepal,2009,2.69183E-4
Nepal,2008,2.21553E-4
Nepal,2007,1.94048E-4
Nepal,2006,1.74448E-4
Nepal,2005,1.56075E-4
Nepal,2004,1.49093E-4
Netherlands,2025,16.70731764
Netherlands,2024,18.5573512
Netherlands,2023,16.824049971
Netherlands,2022,16.951531688
Netherlands,2021,14.991737406
Netherlands,2020,14.932931842
Netherlands,2019,14.946290897
Netherlands,2018,13.636106793
Netherlands,2017,12.815111674
Netherlands,2016,12.470766354
Netherlands,2015,14.493320867
Netherlands,2014,14.210305024
Netherlands,2013,13.595193682
Netherlands,2012,14.679543844
Netherlands,2011,13.704123835
Netherlands,2010,14.129957783
Netherlands,2009,15.399116245
Netherlands,2008,13.720746293
Netherlands,2007,11.857471586
Netherlands,2006,11.062358632
Netherlands,2005,10.629772815
Netherlands,2004,10.419679768
New Caledonia,2025,0.019719111
New Caledonia,2024,0.019880501
New Caledonia,2023,0.018162809
New Caledonia,2022,0.019008411
New Caledonia,2021,0.017844429
New Caledonia,2020,0.017884113
New Caledonia,2019,0.01867822
New Caledonia,2018,0.017314868
New Caledonia,2017,0.016466531
New Caledonia,2016,0.016492264
New Caledonia,2015,0.020072298
New Caledonia,2014,0.019159464
New Caledonia,2013,0.01823044
New Caledonia,2012,0.019537062
New Caledonia,2011,0.017674038
New Caledonia,2010,0.016428537
New Caledonia,2009,0.017113997
New Caledonia,2008,0.016646489
New Caledonia,2007,0.013172282
New Caledonia,2006,0.011774632
New Caledonia,2005,0.011126091
New Caledonia,2004,0.010221536
New Zealand,2025,8.308912446
New Zealand,2024,8.346803375
New Zealand,2023,8.16667797
New Zealand,2022,8.395392881
New Zealand,2021,7.040116364
New Zealand,2020,7.045048133
New Zealand,2019,7.011949014
New Zealand,2018,6.837185667
New Zealand,2017,6.252357337
New Zealand,2016,5.895085449
New Zealand,2015,6.664110375
New Zealand,2014,6.318952764
New Zealand,2013,5.832428817
New Zealand,2012,5.570416193
New Zealand,2011,4.849616684
New Zealand,2010,4.017372441
New Zealand,2009,4.406518781
New Zealand,2008,4.540835005
New Zealand,2007,3.691842608
New Zealand,2006,3.797130905
New Zealand,2005,3.439163936
New Zealand,2004,3.304084387
Nicaragua,2025,0.039049343
Nicaragua,2024,0.03508371
Nicaragua,2023,0.030795319
Nicaragua,2022,0.027832187
Nicaragua,2021,0.024954347
Nicaragua,2020,0.024988704
Nicaragua,2019,0.0256306
Nicaragua,2018,0.027127458
Nicaragua,2017,0.026143924
Nicaragua,2016,0.025102159
Nicaragua,2015,0.023377901
Nicaragua,2014,0.021611873
Nicaragua,2013,0.020724462
Nicaragua,2012,0.019233564
Nicaragua,2011,0.017234811
Nicaragua,2010,0.016329866
Nicaragua,2009,0.016719997
Nicaragua,2008,0.014607545
Nicaragua,2007,0.01330935
Nicaragua,2006,0.012438881
Nicaragua,2005,0.01139913
Nicaragua,2004,0.010824134
Niger,2025,0.544122237
Niger,2024,0.489524771
Niger,2023,0.449204867
Niger,2022,0.434103643
Niger,2021,0.40004043
Niger,2020,0.375152672
Niger,2019,0.373631984
Niger,2018,0.325544332
Niger,2017,0.302660619
Niger,2016,0.281850597
Niger,2015,0.31616779
Niger,2014,0.297597352
Niger,2013,0.274371871
Niger,2012,0.255338201
Niger,2011,0.228510272
Niger,2010,0.213985013
Niger,2009,0.212397876
Niger,2008,0.166815832
Niger,2007,0.138434691
Niger,2006,0.127577145
Niger,2005,0.109448345
Niger,2004,0.109051613
Nigeria,2025,4.504646284
Nigeria,2024,3.585524288
Nigeria,2023,4.704572956
Nigeria,2022,4.344203356
Nigeria,2021,4.259109656
Nigeria,2020,4.676132838
Nigeria,2019,4.156031474
Nigeria,2018,3.702792965
Nigeria,2017,3.987617887
Nigeria,2016,4.858539831
Nigeria,2015,5.658302353
Nigeria,2014,5.125498525
Nigeria,2013,4.572207169
Nigeria,2012,4.084369473
Nigeria,2011,3.61650687
Nigeria,2010,2.907169337
Nigeria,2009,3.345369863
Nigeria,2008,2.742125993
Nigeria,2007,2.349857341
Nigeria,2006,1.731151743
Nigeria,2005,1.337897641
Nigeria,2004,1.224614009
North Macedonia,2025,0.001038978
North Macedonia,2024,0.001045832
North Macedonia,2023,9.24343E-4
North Macedonia,2022,9.28844E-4
North Macedonia,2021,8.20089E-4
North Macedonia,2020,8.36363E-4
North Macedonia,2019,8.41454E-4
North Macedonia,2018,7.50164E-4
North Macedonia,2017,7.08061E-4
North Macedonia,2016,6.67727E-4
North Macedonia,2015,7.53826E-4
North Macedonia,2014,7.17697E-4
North Macedonia,2013,6.46546E-4
North Macedonia,2012,6.96263E-4
North Macedonia,2011,6.24116E-4
North Macedonia,2010,6.23755E-4
North Macedonia,2009,6.57446E-4
North Macedonia,2008,5.53081E-4
North Macedonia,2007,4.55206E-4
North Macedonia,2006,4.15225E-4
North Macedonia,2005,3.77023E-4
North Macedonia,2004,3.60187E-4
Norway,2025,590.7437031
Norway,2024,559.197375928
Norway,2023,684.119215135
Norway,2022,580.003471434
Norway,2021,423.603439657
Norway,2020,470.97224878
Norway,2019,506.744860016
Norway,2018,462.908835344
Norway,2017,427.433503423
Norway,2016,447.255581343
Norway,2015,578.123006906
Norway,2014,606.097221154
Norway,2013,590.844948558
Norway,2012,577.690914867
Norway,2011,496.677691793
Norway,2010,447.043568178
Norway,2009,535.699635106
Norway,2008,463.943551717
Norway,2007,399.731219079
Norway,2006,357.17188233
Norway,2005,305.654989705
Norway,2004,293.857809306
Oman,2025,266.3751818
Oman,2024,249.926097727
Oman,2023,257.12223106
Oman,2022,200.572514338
Oman,2021,174.355196883
Oman,2020,202.265457231
Oman,2019,210.178203018
Oman,2018,185.718344272
Oman,2017,172.561896048
Oman,2016,180.789455137
Oman,2015,212.918930606
Oman,2014,206.572485548
Oman,2013,200.767853902
Oman,2012,178.002730156
Oman,2011,149.28243785
Oman,2010,127.371551345
Oman,2009,160.333161409
Oman,2008,110.940327912
Oman,2007,97.795827062
Oman,2006,81.555164247
Oman,2005,65.183080315
Oman,2004,63.909670474
Pakistan,2025,0.740053251
Pakistan,2024,0.668186964
Pakistan,2023,0.741307236
Pakistan,2022,0.689157284
Pakistan,2021,0.594062172
Pakistan,2020,0.634565243
Pakistan,2019,0.70420727
Pakistan,2018,0.670745719
Pakistan,2017,0.620171753
Pakistan,2016,0.593148614
Pakistan,2015,0.536646405
Pakistan,2014,0.51146818
Pakistan,2013,0.494561415
Pakistan,2012,0.45596258
Pakistan,2011,0.388974223
Pakistan,2010,0.370442036
Pakistan,2009,0.399838055
Pakistan,2008,0.364120291
Pakistan,2007,0.320083608
Pakistan,2006,0.28713618
Pakistan,2005,0.26144383
Pakistan,2004,0.242456446
Panama,2025,0.001038978
Panama,2024,9.34208E-4
Panama,2023,8.55249E-4
Panama,2022,7.55684E-4
Panama,2021,6.39785E-4
Panama,2020,7.82399E-4
Panama,2019,7.54788E-4
Panama,2018,7.21276E-4
Panama,2017,6.70071E-4
Panama,2016,6.25298E-4
Panama,2015,5.76628E-4
Panama,2014,5.26423E-4
Panama,2013,4.6639E-4
Panama,2012,4.0015E-4
Panama,2011,3.38966E-4
Panama,2010,3.1161E-4
Panama,2009,2.88401E-4
Panama,2008,2.43507E-4
Panama,2007,2.09223E-4
Panama,2006,1.86396E-4
Panama,2005,1.69312E-4
Panama,2004,1.56515E-4
Papua New Guinea,2025,7.915750797
Papua New Guinea,2024,6.976491076
Papua New Guinea,2023,7.184913456
Papua New Guinea,2022,5.927646539
Papua New Guinea,2021,5.414337218
Papua New Guinea,2020,5.619159644
Papua New Guinea,2019,5.473667881
Papua New Guinea,2018,5.16329797
Papua New Guinea,2017,4.712908814
Papua New Guinea,2016,4.931893859
Papua New Guinea,2015,5.269576828
Papua New Guinea,2014,4.826983069
Papua New Guinea,2013,4.834663664
Papua New Guinea,2012,4.083184072
Papua New Guinea,2011,3.235370501
Papua New Guinea,2010,2.637976941
Papua New Guinea,2009,2.649654588
Papua New Guinea,2008,2.167017568
Papua New Guinea,2007,1.896823897
Papua New Guinea,2006,1.104708599
Papua New Guinea,2005,0.891586619
Papua New Guinea,2004,0.867967693
Paraguay,2025,0.001038978
Paraguay,2024,9.47464E-4
Paraguay,2023,9.25334E-4
Paraguay,2022,8.81176E-4
Paraguay,2021,7.81509E-4
Paraguay,2020,8.365E-4
Paraguay,2019,8.87232E-4
Paraguay,2018,8.60139E-4
Paraguay,2017,7.96012E-4
Paraguay,2016,7.98697E-4
Paraguay,2015,8.90595E-4
Paraguay,2014,8.49199E-4
Paraguay,2013,7.33861E-4
Paraguay,2012,7.44544E-4
Paraguay,2011,6.01279E-4
Paraguay,2010,4.93076E-4
Paraguay,2009,5.42926E-4
Paraguay,2008,3.93849E-4
Paraguay,2007,2.96206E-4
Paraguay,2006,2.36831E-4
Paraguay,2005,2.12281E-4
Paraguay,2004,2.04004E-4
Peru,2025,1.847513091
Peru,2024,1.63145453
Peru,2023,1.502732016
Peru,2022,1.379978022
Peru,2021,1.227905729
Peru,2020,1.392122346
Peru,2019,1.357073291
Peru,2018,1.286420397
Peru,2017,1.169915365
Peru,2016,1.157143097
Peru,2015,1.224101483
Peru,2014,1.226479137
Peru,2013,1.174499969
Peru,2012,1.047155275
Peru,2011,0.899411531
Peru,2010,0.736603217
Peru,2009,0.734944956
Peru,2008,0.622890404
Peru,2007,0.54041748
Peru,2006,0.463707134
Peru,2005,0.407058605
Peru,2004,0.387829243
Philippines,2025,0.495254736
Philippines,2024,0.467638264
Philippines,2023,0.432557852
Philippines,2022,0.421575768
Philippines,2021,0.386984233
Philippines,2020,0.403107551
Philippines,2019,0.371035285
Philippines,2018,0.351393549
Philippines,2017,0.340852203
Philippines,2016,0.327821541
Philippines,2015,0.318234414
Philippines,2014,0.303706098
Philippines,2013,0.280190787
Philippines,2012,0.250554349
Philippines,2011,0.222903372
Philippines,2010,0.188249792
Philippines,2009,0.194293897
Philippines,2008,0.16686008
Philippines,2007,0.136557185
Philippines,2006,0.114912872
Philippines,2005,0.101628678
Philippines,2004,0.095363999
Poland,2025,1.920027774
Poland,2024,2.061307368
Poland,2023,1.771945209
Poland,2022,1.755548002
Poland,2021,1.543466942
Poland,2020,1.535239045
Poland,2019,1.51468968
Poland,2018,1.345903153
Poland,2017,1.205552545
Poland,2016,1.222859151
Poland,2015,1.38099781
Poland,2014,1.319978908
Poland,2013,1.268953207
Poland,2012,1.344609106
Poland,2011,1.217912223
Poland,2010,1.123097805
Poland,2009,1.36438408
Poland,2008,1.094628771
Poland,2007,0.881118654
Poland,2006,0.782032353
Poland,2005,0.652803417
Poland,2004,0.621180394
Portugal,2025,0.844661062
Portugal,2024,0.838332828
Portugal,2023,0.744920223
Portugal,2022,0.742475808
Portugal,2021,0.665817448
Portugal,2020,0.696255198
Portugal,2019,0.70198783
Portugal,2018,0.640428009
Portugal,2017,0.598214732
Portugal,2016,0.57714579
Portugal,2015,0.667151293
Portugal,2014,0.657286643
Portugal,2013,0.627884072
Portugal,2012,0.711655302
Portugal,2011,0.691406964
Portugal,2010,0.709454459
Portugal,2009,0.763817319
Portugal,2008,0.69735707
Portugal,2007,0.605321804
Portugal,2006,0.571969893
Portugal,2005,0.549143755
Portugal,2004,0.53949364
Puerto Rico,2025,0.480778177
Puerto Rico,2024,0.459765196
Puerto Rico,2023,0.44286063
Puerto Rico,2022,0.415017816
Puerto Rico,2021,0.402164887
Puerto Rico,2020,0.409944497
Puerto Rico,2019,0.393691156
Puerto Rico,2018,0.403393246
Puerto Rico,2017,0.406867749
Puerto Rico,2016,0.403120277
Puerto Rico,2015,0.399493692
Puerto Rico,2014,0.39950929
Puerto Rico,2013,0.396058185
Puerto Rico,2012,0.391328027
Puerto Rico,2011,0.383643176
Puerto Rico,2010,0.375860836
Puerto Rico,2009,0.365151491
Puerto Rico,2008,0.349104171
Puerto Rico,2007,0.340338102
Puerto Rico,2006,0.327229193
Puerto Rico,2005,0.313221184
Puerto Rico,2004,0.288022983
Qatar,2025,387.3552717
Qatar,2024,473.58329789
Qatar,2023,524.067011086
Qatar,2022,399.609739281
Qatar,2021,321.078283552
Qatar,2020,392.137011368
Qatar,2019,407.620521398
Qatar,2018,358.181789493
Qatar,2017,337.355534692
Qatar,2016,359.606966104
Qatar,2015,458.513333651
Qatar,2014,441.84477037
Qatar,2013,415.400073606
Qatar,2012,373.024970559
Qatar,2011,278.191806683
Qatar,2010,217.4413783
Qatar,2009,256.287220124
Qatar,2008,177.22902248
Qatar,2007,135.363192054
Qatar,2006,99.007518413
Qatar,2005,70.556394044
Qatar,2004,59.182214368
Romania,2025,8.151514537
Romania,2024,6.943919369
Romania,2023,5.866588024
Romania,2022,5.673063507
Romania,2021,4.989234652
Romania,2020,4.982167523
Romania,2019,4.819682945
Romania,2018,4.160044654
Romania,2017,3.667998277
Romania,2016,3.521389995
Romania,2015,3.953672612
Romania,2014,3.757238101
Romania,2013,3.545778518
Romania,2012,3.813161461
Romania,2011,3.366566423
Romania,2010,3.446680346
Romania,2009,4.242573675
Romania,2008,3.456142777
Romania,2007,2.41557238
Romania,2006,1.948991029
Romania,2005,1.484169464
Romania,2004,1.34401415
Russia,2025,8.151514537
Russia,2024,7.090340463
Russia,2023,7.948335428
Russia,2022,6.46588176
Russia,2021,5.237133074
Russia,2020,5.938794137
Russia,2019,5.813256998
Russia,2018,5.521669894
Russia,2017,4.478473449
Russia,2016,4.782547622
Russia,2015,7.222998039
Russia,2014,8.041076472
Russia,2013,7.745806385
Russia,2012,7.176276756
Russia,2011,5.348815179
Russia,2010,4.28857178
Russia,2009,5.825603763
Russia,2008,4.558832652
Russia,2007,3.47228924
Russia,2006,2.679865421
Russia,2005,2.073053472
Russia,2004,1.933819478
Rwanda,2025,0.001038978
Rwanda,2024,9.61787E-4
Rwanda,2023,9.08464E-4
Rwanda,2022,7.55175E-4
Rwanda,2021,6.94123E-4
Rwanda,2020,7.06056E-4
Rwanda,2019,6.57523E-4
Rwanda,2018,6.31253E-4
Rwanda,2017,5.93214E-4
Rwanda,2016,5.82878E-4
Rwanda,2015,5.62084E-4
Rwanda,2014,5.33498E-4
Rwanda,2013,5.22228E-4
Rwanda,2012,4.69707E-4
Rwanda,2011,4.17847E-4
Rwanda,2010,3.87128E-4
Rwanda,2009,3.53383E-4
Rwanda,2008,2.77701E-4
Rwanda,2007,2.26484E-4
Rwanda,2006,2.00153E-4
Rwanda,2005,1.62131E-4
Rwanda,2004,1.50893E-4
San Marino,2025,25.95983461
San Marino,2024,25.109510405
San Marino,2023,29.559923334
San Marino,2022,29.942319287
San Marino,2021,24.928551402
San Marino,2020,26.082700582
San Marino,2019,26.714042507
San Marino,2018,24.66882459
San Marino,2017,23.696073033
San Marino,2016,22.906247542
San Marino,2015,27.013527233
San Marino,2014,27.091474405
San Marino,2013,25.896616493
San Marino,2012,29.269712048
San Marino,2011,30.358613071
San Marino,2010,33.31323599
San Marino,2009,38.782976838
San Marino,2008,35.320436004
San Marino,2007,30.819727073
San Marino,2006,28.830704785
San Marino,2005,27.682108954
San Marino,2004,26.477680533
Saudi Arabia,2025,261.5094497
Saudi Arabia,2024,270.354259361
Saudi Arabia,2023,280.734578485
Saudi Arabia,2022,221.371511218
Saudi Arabia,2021,185.946994488
Saudi Arabia,2020,212.358436371
Saudi Arabia,2019,214.389170186
Saudi Arabia,2018,181.065534828
Saudi Arabia,2017,168.658027252
Saudi Arabia,2016,169.540316391
Saudi Arabia,2015,194.135518978
Saudi Arabia,2014,190.908984555
Saudi Arabia,2013,187.866302576
Saudi Arabia,2012,171.35123764
Saudi Arabia,2011,133.763289189
Saudi Arabia,2010,108.664898164
Saudi Arabia,2009,131.633538424
Saudi Arabia,2008,105.339093551
Saudi Arabia,2007,95.446261968
Saudi Arabia,2006,83.179302748
Saudi Arabia,2005,65.523896827
Saudi Arabia,2004,60.317874978
Senegal,2025,4.420464892
Senegal,2024,4.498009756
Senegal,2023,4.027209053
Senegal,2022,4.0128183
Senegal,2021,3.576805485
Senegal,2020,3.412547512
Senegal,2019,3.370656977
Senegal,2018,3.061518582
Senegal,2017,2.776276773
Senegal,2016,2.591746977
Senegal,2015,2.886646707
Senegal,2014,2.758539717
Senegal,2013,2.575139707
Senegal,2012,2.597508961
Senegal,2011,2.350656551
Senegal,2010,2.354236429
Senegal,2009,2.457488046
Senegal,2008,2.040503478
Senegal,2007,1.705678885
Senegal,2006,1.605232272
Senegal,2005,1.469305312
Senegal,2004,1.404108431
Serbia,2025,5.568581067
Serbia,2024,4.976143022
Serbia,2023,4.086345747
Serbia,2022,4.047335586
Serbia,2021,3.418096981
Serbia,2020,3.295176443
Serbia,2019,3.229280283
Serbia,2018,2.812391414
Serbia,2017,2.583147698
Serbia,2016,2.526372015
Serbia,2015,3.004572077
Serbia,2014,3.086620591
Serbia,2013,2.759195729
Serbia,2012,3.135289569
Serbia,2011,2.663356371
Serbia,2010,2.872535666
Serbia,2009,3.316951559
Serbia,2008,2.746028344
Serbia,2007,2.037011013
Serbia,2006,1.733350125
Serbia,2005,1.642283456
Serbia,2004,1.539349211
Sierra Leone,2025,0.001729145
Sierra Leone,2024,0.001480593
Sierra Leone,2023,0.001643911
Sierra Leone,2022,0.001654551
Sierra Leone,2021,0.001544492
Sierra Leone,2020,0.001506388
Sierra Leone,2019,0.001475661
Sierra Leone,2018,0.001343571
Sierra Leone,2017,0.001395327
Sierra Leone,2016,0.001535956
Sierra Leone,2015,0.001811628
Sierra Leone,2014,0.00177737
Sierra Leone,2013,0.001368787
Sierra Leone,2012,0.001059222
Sierra Leone,2011,9.31306E-4
Sierra Leone,2010,8.73818E-4
Sierra Leone,2009,8.85696E-4
Sierra Leone,2008,7.68218E-4
Sierra Leone,2007,6.7265E-4
Sierra Leone,2006,5.87741E-4
Sierra Leone,2005,5.16636E-4
Sierra Leone,2004,4.85201E-4
Singapore,2025,7.327260935
Singapore,2024,7.834059265
Singapore,2023,7.787923076
Singapore,2022,6.782347886
Singapore,2021,5.460225006
Singapore,2020,5.888527575
Singapore,2019,5.888386964
Singapore,2018,5.362874991
Singapore,2017,4.984739473
Singapore,2016,4.812021705
Singapore,2015,4.919277018
Singapore,2014,4.805412965
Singapore,2013,4.610384842
Singapore,2012,4.364517857
Singapore,2011,3.746639765
Singapore,2010,3.033302102
Singapore,2009,3.024974777
Singapore,2008,2.826946943
Singapore,2007,2.32207361
Singapore,2006,1.996808009
Singapore,2005,1.797233448
Singapore,2004,1.634740523
Slovakia,2025,1.671961935
Slovakia,2024,1.692684144
Slovakia,2023,1.476443706
Slovakia,2022,1.535830546
Slovakia,2021,1.372061432
Slovakia,2020,1.347990849
Slovakia,2019,1.357784647
Slovakia,2018,1.22235426
Slovakia,2017,1.150639747
Slovakia,2016,1.135756428
Slovakia,2015,1.295392168
Slovakia,2014,1.262550187
Slovakia,2013,1.206386976
Slovakia,2012,1.2698201
Slovakia,2011,1.160382444
Slovakia,2010,1.137850645
Slovakia,2009,1.284146494
Slovakia,2008,1.102760636
Slovakia,2007,0.901077984
Slovakia,2006,0.796593057
Slovakia,2005,0.728682453
Slovakia,2004,0.691418462
Slovenia,2025,0.744998139
Slovenia,2024,0.72582516
Slovenia,2023,0.629038291
Slovenia,2022,0.645849443
Slovenia,2021,0.560359513
Slovenia,2020,0.565871944
Slovenia,2019,0.563553713
Slovenia,2018,0.505445818
Slovenia,2017,0.464902475
Slovenia,2016,0.448305036
Slovenia,2015,0.519734512
Slovenia,2014,0.502442281
Slovenia,2013,0.484597997
Slovenia,2012,0.537418463
Slovenia,2011,0.501666165
Slovenia,2010,0.524574236
Slovenia,2009,0.582660338
Slovenia,2008,0.502580938
Slovenia,2007,0.412101152
Slovenia,2006,0.377331813
Slovenia,2005,0.358528342
Slovenia,2004,0.3429383
Somalia,2025,0.001038978
Somalia,2024,0.001195943
Somalia,2023,0.00111245
Somalia,2022,0.001034079
Somalia,2021,9.40789E-4
Somalia,2020,9.43693E-4
Somalia,2019,8.58474E-4
Somalia,2018,8.31004E-4
Somalia,2017,7.21124E-4
Somalia,2016,6.70794E-4
Somalia,2015,6.24591E-4
Somalia,2014,5.52027E-4
Somalia,2013,4.75898E-4
Somalia,2012,3.16853E-4
Somalia,2011,2.93063E-4
Somalia,2010,3.21497E-4
Somalia,2009,6.44786E-4
Somalia,2008,5.92133E-4
Somalia,2007,5.48087E-4
Somalia,2006,5.10634E-4
Somalia,2005,4.20827E-4
Somalia,2004,3.92892E-4
South Africa,2025,0.200395964
South Africa,2024,0.216455327
South Africa,2023,0.231363891
South Africa,2022,0.239305156
South Africa,2021,0.192163597
South Africa,2020,0.221362685
South Africa,2019,0.230420627
South Africa,2018,0.216881758
South Africa,2017,0.183982394
South Africa,2016,0.197130086
South Africa,2015,0.216739614
South Africa,2014,0.227933119
South Africa,2013,0.246988857
South Africa,2012,0.260519767
South Africa,2011,0.237302071
South Africa,2010,0.187489355
South Africa,2009,0.17974368
South Africa,2008,0.189378725
South Africa,2007,0.172766147
South Africa,2006,0.164242094
South Africa,2005,0.145445058
South Africa,2004,0.139109244
South Korea,2025,0.200395964
South Korea,2024,0.186004473
South Korea,2023,0.181783294
South Korea,2022,0.197476699
South Korea,2021,0.178567726
South Korea,2020,0.179339853
South Korea,2019,0.187370628
South Korea,2018,0.176261118
South Korea,2017,0.16286129
South Korea,2016,0.159208075
South Korea,2015,0.161211696
South Korea,2014,0.1488468
South Korea,2013,0.138792857
South Korea,2012,0.136103986
South Korea,2011,0.124199544
South Korea,2010,0.10250961
South Korea,2009,0.11373836
South Korea,2008,0.127342351
South Korea,2007,0.114376912
South Korea,2006,0.101527781
South Korea,2005,0.08613682
South Korea,2004,0.081881137
South Sudan,2025,4.341871553
South Sudan,2024,5.989869069
South Sudan,2023,5.994813077
South Sudan,2022,5.999757085
South Sudan,2021,6.004701093
South Sudan,2020,6.009645101
South Sudan,2019,6.014589108
South Sudan,2018,6.019533116
South Sudan,2017,6.024477124
South Sudan,2016,5.152292438
South Sudan,2015,5.995882504
South Sudan,2014,7.912996629
South Sudan,2013,5.123808526
South Sudan,2012,6.401741171
South Sudan,2011,6.270661496
South Sudan,2010,5.252550278
South Sudan,2009,6.263868229
South Sudan,2008,6.068973194
South Sudan,2007,6.073917202
South Sudan,2006,6.078861209
South Sudan,2005,6.083805217
South Sudan,2004,6.08875526
Spain,2025,1.273250458
Spain,2024,1.221109058
Spain,2023,1.090269215
Spain,2022,1.101379182
Spain,2021,0.972144782
Spain,2020,1.057858861
Spain,2019,1.0790688
Spain,2018,0.996241503
Spain,2017,0.936900407
Spain,2016,0.909117951
Spain,2015,1.040327121
Spain,2014,1.02672231
Spain,2013,1.003205961
Spain,2012,1.121224871
Spain,2011,1.076317688
Spain,2010,1.128023508
Spain,2009,1.233191336
Spain,2008,1.113069521
Spain,2007,0.951093127
Spain,2006,0.870308437
Spain,2005,0.806362056
Spain,2004,0.782006226
Sri Lanka,2025,0.001038978
Sri Lanka,2024,0.001008206
Sri Lanka,2023,8.86155E-4
Sri Lanka,2022,0.00105903
Sri Lanka,2021,0.001007578
Sri Lanka,2020,0.001063878
Sri Lanka,2019,0.00112936
Sri Lanka,2018,0.001127954
Sri Lanka,2017,0.001051894
Sri Lanka,2016,0.001017577
Sri Lanka,2015,9.86354E-4
Sri Lanka,2014,9.20286E-4
Sri Lanka,2013,8.41962E-4
Sri Lanka,2012,8.09765E-4
Sri Lanka,2011,7.008E-4
Sri Lanka,2010,5.02762E-4
Sri Lanka,2009,4.86598E-4
Sri Lanka,2008,3.8664E-4
Sri Lanka,2007,3.37991E-4
Sri Lanka,2006,2.9169E-4
Sri Lanka,2005,2.46952E-4
Sri Lanka,2004,2.34199E-4
Sudan,2025,0.905825439
Sudan,2024,1.658499922
Sudan,2023,0.784228477
Sudan,2022,0.519554536
Sudan,2021,0.410346051
Sudan,2020,0.490845293
Sudan,2019,0.490780044
Sudan,2018,0.62662564
Sudan,2017,0.64706748
Sudan,2016,0.785137419
Sudan,2015,0.751592661
Sudan,2014,0.653042398
Sudan,2013,0.571213322
Sudan,2012,0.835102314
Sudan,2011,0.894972768
Sudan,2010,0.783532824
Sudan,2009,0.984072479
Sudan,2008,0.902215393
Sudan,2007,0.687039529
Sudan,2006,0.534022707
Sudan,2005,0.40444787
Sudan,2004,0.384672296
Sweden,2025,1.161266511
Sweden,2024,1.07524169
Sweden,2023,1.065933321
Sweden,2022,1.171242524
Sweden,2021,1.002061435
Sweden,2020,0.978204142
Sweden,2019,1.013391765
Sweden,2018,0.985400483
Sweden,2017,0.945207589
Sweden,2016,0.922194006
Sweden,2015,1.061951897
Sweden,2014,1.073712353
Sweden,2013,1.010505876
Sweden,2012,1.048737468
Sweden,2011,0.905751793
Sweden,2010,0.798332398
Sweden,2009,0.94594101
Sweden,2008,0.900783285
Sweden,2007,0.776671689
Sweden,2006,0.719983277
Sweden,2005,0.706853402
Sweden,2004,0.678495478
Switzerland,2025,1.356456399
Switzerland,2024,1.363416682
Switzerland,2023,1.260940883
Switzerland,2022,1.253209709
Switzerland,2021,1.14318916
Switzerland,2020,1.11140476
Switzerland,2019,1.117875651
Switzerland,2018,1.07108803
Switzerland,2017,1.059831761
Switzerland,2016,1.069419464
Switzerland,2015,1.119368578
Switzerland,2014,1.088087984
Switzerland,2013,1.057559246
Switzerland,2012,1.102960248
Switzerland,2011,0.922642714
Switzerland,2010,0.853869471
Switzerland,2009,0.873983157
Switzerland,2008,0.756078905
Switzerland,2007,0.680421866
Switzerland,2006,0.644446795
Switzerland,2005,0.622304023
Switzerland,2004,0.605933463
Syrian Arab Republic,2025,0.446619353
Syrian Arab Republic,2024,0.407114814
Syrian Arab Republic,2023,0.682545352
Syrian Arab Republic,2022,0.414713861
Syrian Arab Republic,2021,0.348101314
Syrian Arab Republic,2020,0.652502446
Syrian Arab Republic,2019,0.621145459
Syrian Arab Republic,2018,0.472981513
Syrian Arab Republic,2017,0.363995692
Syrian Arab Republic,2016,0.47578475
Syrian Arab Republic,2015,0.621269083
Syrian Arab Republic,2014,0.617200686
Syrian Arab Republic,2013,1.247917988
Syrian Arab Republic,2012,1.951448175
Syrian Arab Republic,2011,1.773793888
Syrian Arab Republic,2010,1.563475596
Syrian Arab Republic,2009,1.518580291
Syrian Arab Republic,2008,1.169183303
Syrian Arab Republic,2007,0.975206165
Syrian Arab Republic,2006,0.83383554
Syrian Arab Republic,2005,0.724848952
Syrian Arab Republic,2004,0.67804386
Tajikistan,2025,0.006221051
Tajikistan,2024,0.005877003
Tajikistan,2023,0.005220587
Tajikistan,2022,0.004355297
Tajikistan,2021,0.003963594
Tajikistan,2020,0.004044898
Tajikistan,2019,0.003783802
Tajikistan,2018,0.003672409
Tajikistan,2017,0.00340733
Tajikistan,2016,0.004030581
Tajikistan,2015,0.004440476
Tajikistan,2014,0.004116821
Tajikistan,2013,0.003719498
Tajikistan,2012,0.00317847
Tajikistan,2011,0.002749394
Tajikistan,2010,0.002426444
Tajikistan,2009,0.002515046
Tajikistan,2008,0.001812485
Tajikistan,2007,0.001379133
Tajikistan,2006,0.001126785
Tajikistan,2005,0.001011699
Tajikistan,2004,9.17225E-4
Tanzania,2025,0.006221051
Tanzania,2024,0.005312586
Tanzania,2023,0.005091351
Tanzania,2022,0.004747694
Tanzania,2021,0.004439478
Tanzania,2020,0.004100682
Tanzania,2019,0.003830355
Tanzania,2018,0.003579797
Tanzania,2017,0.003344584
Tanzania,2016,0.003185971
Tanzania,2015,0.00335885
Tanzania,2014,0.003067368
Tanzania,2013,0.002664302
Tanzania,2012,0.002328781
Tanzania,2011,0.002151101
Tanzania,2010,0.001975567
Tanzania,2009,0.001877949
Tanzania,2008,0.001468908
Tanzania,2007,0.001251159
Tanzania,2006,0.001236075
Tanzania,2005,0.001120344
Tanzania,2004,0.001042143
Thailand,2025,9.177397065
Thailand,2024,8.031939013
Thailand,2023,7.730543804
Thailand,2022,7.896042901
Thailand,2021,7.805674249
Thailand,2020,8.484374959
Thailand,2019,7.903810176
Thailand,2018,7.117771346
Thailand,2017,6.44724343
Thailand,2016,6.258988401
Thailand,2015,6.353240691
Thailand,2014,6.555922887
Thailand,2013,6.200687051
Thailand,2012,5.783640555
Thailand,2011,5.320193171
Thailand,2010,4.393828699
Thailand,2009,4.544682273
Thailand,2008,4.101105387
Thailand,2007,3.458745539
Thailand,2006,2.952780905
Thailand,2005,2.696648007
Thailand,2004,2.537082225
The Bahamas,2025,9.177397065
The Bahamas,2024,9.009415744
The Bahamas,2023,8.254091361
The Bahamas,2022,7.143505015
The Bahamas,2021,6.257109451
The Bahamas,2020,8.178565206
The Bahamas,2019,7.926978913
The Bahamas,2018,7.688776207
The Bahamas,2017,7.379885543
The Bahamas,2016,7.333891246
The Bahamas,2015,6.895437411
The Bahamas,2014,6.532069895
The Bahamas,2013,6.736028214
The Bahamas,2012,6.327640324
The Bahamas,2011,6.343543543
The Bahamas,2010,6.272038748
The Bahamas,2009,6.613879424
The Bahamas,2008,6.671900099
The Bahamas,2007,6.388463384
The Bahamas,2006,6.180452289
The Bahamas,2005,5.689777333
The Bahamas,2004,5.640011354
Timor-Leste,2025,0.474972556
Timor-Leste,2024,0.487095164
Timor-Leste,2023,0.751419742
Timor-Leste,2022,0.848911917
Timor-Leste,2021,0.506463193
Timor-Leste,2020,0.476002417
Timor-Leste,2019,0.36439654
Timor-Leste,2018,0.371162235
Timor-Leste,2017,0.384179951
Timor-Leste,2016,0.372427796
Timor-Leste,2015,0.338997868
Timor-Leste,2014,0.326865014
Timor-Leste,2013,0.271790055
Timor-Leste,2012,0.24415089
Timor-Leste,2011,0.206534095
Timor-Leste,2010,0.170241363
Timor-Leste,2009,0.151877563
Timor-Leste,2008,0.127117105
Timor-Leste,2007,0.106273517
Timor-Leste,2006,0.108258415
Timor-Leste,2005,0.103224273
Timor-Leste,2004,0.102813017
Togo,2025,0.001038978
Togo,2024,9.89291E-4
Togo,2023,8.8123E-4
Togo,2022,8.99866E-4
Togo,2021,7.98258E-4
Togo,2020,7.54293E-4
Togo,2019,7.58241E-4
Togo,2018,6.89002E-4
Togo,2017,6.54889E-4
Togo,2016,6.20833E-4
Togo,2015,6.89638E-4
Togo,2014,6.49556E-4
Togo,2013,5.83951E-4
Togo,2012,5.84911E-4
Togo,2011,5.11986E-4
Togo,2010,5.09344E-4
Togo,2009,4.93914E-4
Togo,2008,4.05582E-4
Togo,2007,3.58222E-4
Togo,2006,3.47543E-4
Togo,2005,3.44269E-4
Togo,2004,3.47672E-4
Tonga,2025,0.001038978
Tonga,2024,0.001009395
Tonga,2023,9.34543E-4
Tonga,2022,9.3463E-4
Tonga,2021,8.96086E-4
Tonga,2020,8.91291E-4
Tonga,2019,8.83205E-4
Tonga,2018,8.29573E-4
Tonga,2017,7.58968E-4
Tonga,2016,7.89082E-4
Tonga,2015,7.95344E-4
Tonga,2014,8.14805E-4
Tonga,2013,8.49675E-4
Tonga,2012,7.46913E-4
Tonga,2011,6.61685E-4
Tonga,2010,5.63444E-4
Tonga,2009,6.21199E-4
Tonga,2008,5.38383E-4
Tonga,2007,5.27045E-4
Tonga,2006,4.72202E-4
Tonga,2005,4.1603E-4
Tonga,2004,4.24382E-4
Trinidad and Tobago,2025,152.8159533
Trinidad and Tobago,2024,184.331194837
Trinidad and Tobago,2023,202.386738478
Trinidad and Tobago,2022,164.964307906
Trinidad and Tobago,2021,140.12389124
Trinidad and Tobago,2020,160.110694748
Trinidad and Tobago,2019,165.454964315
Trinidad and Tobago,2018,161.892248491
Trinidad and Tobago,2017,159.753909773
Trinidad and Tobago,2016,182.004282612
Trinidad and Tobago,2015,199.990894479
Trinidad and Tobago,2014,193.338720698
Trinidad and Tobago,2013,184.077200709
Trinidad and Tobago,2012,171.27165414
Trinidad and Tobago,2011,149.216474752
Trinidad and Tobago,2010,129.109719322
Trinidad and Tobago,2009,187.693605672
Trinidad and Tobago,2008,145.739589524
Trinidad and Tobago,2007,123.703453783
Trinidad and Tobago,2006,107.629041157
Trinidad and Tobago,2005,89.432505464
Trinidad and Tobago,2004,82.846190634
Tunisia,2025,2.151954809
Tunisia,2024,1.995530413
Tunisia,2023,1.833113756
Tunisia,2022,1.924915052
Tunisia,2021,1.747256296
Tunisia,2020,1.72315436
Tunisia,2019,1.755263302
Tunisia,2018,1.733758687
Tunisia,2017,1.824080201
Tunisia,2016,1.882446616
Tunisia,2015,2.067170162
Tunisia,2014,2.001938985
Tunisia,2013,1.945438457
Tunisia,2012,1.978824662
Tunisia,2011,1.899988264
Tunisia,2010,1.786894184
Tunisia,2009,1.844614114
Tunisia,2008,1.600194098
Tunisia,2007,1.413563808
Tunisia,2006,1.327027961
Tunisia,2005,1.282277152
Tunisia,2004,1.207010503
Turkey,2025,5.46736299
Turkey,2024,5.21120518
Turkey,2023,4.227299817
Turkey,2022,3.820688339
Turkey,2021,3.356878263
Turkey,2020,3.546396968
Turkey,2019,3.630121102
Turkey,2018,4.003007123
Turkey,2017,4.052847355
Turkey,2016,4.027827046
Turkey,2015,4.375571595
Turkey,2014,4.463480537
Turkey,2013,4.103517093
Turkey,2012,3.908858249
Turkey,2011,3.620777514
Turkey,2010,3.025779745
Turkey,2009,3.590402701
Turkey,2008,3.175053454
Turkey,2007,2.596053957
Turkey,2006,2.359500426
Turkey,2005,1.905369467
Turkey,2004,1.735373393
Uganda,2025,1.729119727
Uganda,2024,1.978708016
Uganda,2023,1.848727095
Uganda,2022,1.644419416
Uganda,2021,1.525563727
Uganda,2020,1.434184444
Uganda,2019,1.335951701
Uganda,2018,1.247398796
Uganda,2017,1.184896529
Uganda,2016,1.314048639
Uganda,2015,1.323186251
Uganda,2014,1.173203272
Uganda,2013,1.107885821
Uganda,2012,1.130842463
Uganda,2011,1.082224367
Uganda,2010,1.019513119
Uganda,2009,0.585892048
Uganda,2008,0.482924011
Uganda,2007,0.404824157
Uganda,2006,0.374863924
Uganda,2005,0.32212967
Uganda,2004,0.301599114
Ukraine,2025,8.065405108
Ukraine,2024,11.586058572
Ukraine,2023,10.499312631
Ukraine,2022,12.947747929
Ukraine,2021,10.151128747
Ukraine,2020,9.97386089
Ukraine,2019,8.483644235
Ukraine,2018,7.265130268
Ukraine,2017,6.050820784
Ukraine,2016,5.900133279
Ukraine,2015,8.653004713
Ukraine,2014,12.347111284
Ukraine,2013,11.834622458
Ukraine,2012,10.975310853
Ukraine,2011,9.152400996
Ukraine,2010,7.878340941
Ukraine,2009,12.19226927
Ukraine,2008,9.640130656
Ukraine,2007,7.251778466
Ukraine,2006,5.783978911
Ukraine,2005,4.356845569
Ukraine,2004,3.897161617
United Arab Emirates,2025,233.5901064
United Arab Emirates,2024,267.209732964
United Arab Emirates,2023,261.285829406
United Arab Emirates,2022,215.781747267
United Arab Emirates,2021,181.632246724
United Arab Emirates,2020,217.242713481
United Arab Emirates,2019,221.950964255
United Arab Emirates,2018,202.96412053
United Arab Emirates,2017,191.913582063
United Arab Emirates,2016,192.443708544
United Arab Emirates,2015,215.223555268
United Arab Emirates,2014,208.006558881
United Arab Emirates,2013,199.894064527
United Arab Emirates,2012,187.536400473
United Arab Emirates,2011,156.017782524
United Arab Emirates,2010,131.776449855
United Arab Emirates,2009,163.962403492
United Arab Emirates,2008,134.047158282
United Arab Emirates,2007,115.441277998
United Arab Emirates,2006,93.872406472
United Arab Emirates,2005,76.828840111
United Arab Emirates,2004,70.120780111
United Kingdom,2025,21.98582509
United Kingdom,2024,23.141374115
United Kingdom,2023,21.315102607
United Kingdom,2022,21.515519495
United Kingdom,2021,18.459025063
United Kingdom,2020,19.517442526
United Kingdom,2019,19.653860169
United Kingdom,2018,18.34519539
United Kingdom,2017,18.406525148
United Kingdom,2016,20.041072714
United Kingdom,2015,20.977446696
United Kingdom,2014,19.061850039
United Kingdom,2013,18.529595354
United Kingdom,2012,18.23335072
United Kingdom,2011,17.012710571
United Kingdom,2010,16.515501462
United Kingdom,2009,20.051339972
United Kingdom,2008,21.154043544
United Kingdom,2007,18.538835886
United Kingdom,2006,17.407657785
United Kingdom,2005,16.574983114
United Kingdom,2004,16.177359091
United States,2025,147.654324
United States,2024,137.373829523
United States,2023,128.880852469
United States,2022,117.355518861
United States,2021,105.823247358
United States,2020,106.744500967
United States,2019,102.366192397
United States,2018,97.190521235
United States,2017,93.190328051
United States,2016,90.663446851
United States,2015,87.259417245
United States,2014,83.65468419
United States,2013,80.548984154
United States,2012,77.306508436
United States,2011,74.577437095
United States,2010,71.748261812
United States,2009,73.194317772
United States,2008,71.728934812
United States,2007,68.465149839
United States,2006,64.617590389
United States,2005,60.544053722
United States,2004,58.300773079
Uruguay,2025,0.249474345
Uruguay,2024,0.261136288
Uruguay,2023,0.237213203
Uruguay,2022,0.205420491
Uruguay,2021,0.181443265
Uruguay,2020,0.210361631
Uruguay,2019,0.220917355
Uruguay,2018,0.21977283
Uruguay,2017,0.194331411
Uruguay,2016,0.195006016
Uruguay,2015,0.207906696
Uruguay,2014,0.207370619
Uruguay,2013,0.183348788
Uruguay,2012,0.170197924
Uruguay,2011,0.141826045
Uruguay,2010,0.110580491
Uruguay,2009,0.105209348
Uruguay,2008,0.080455661
Uruguay,2007,0.06674192
Uruguay,2006,0.058700459
Uruguay,2005,0.04627083
Uruguay,2004,0.044065711
Vanuatu,2025,0.001038978
Vanuatu,2024,0.001026932
Vanuatu,2023,9.32023E-4
Vanuatu,2022,8.66535E-4
Vanuatu,2021,8.29178E-4
Vanuatu,2020,8.53891E-4
Vanuatu,2019,8.34024E-4
Vanuatu,2018,8.02409E-4
Vanuatu,2017,7.11987E-4
Vanuatu,2016,6.66382E-4
Vanuatu,2015,7.0417E-4
Vanuatu,2014,6.91395E-4
Vanuatu,2013,6.81853E-4
Vanuatu,2012,7.02199E-4
Vanuatu,2011,6.11532E-4
Vanuatu,2010,5.40332E-4
Vanuatu,2009,5.38623E-4
Vanuatu,2008,4.70829E-4
Vanuatu,2007,4.00591E-4
Vanuatu,2006,3.60113E-4
Vanuatu,2005,3.32791E-4
Vanuatu,2004,3.2003E-4
Venezuela,2025,10.11691736
Venezuela,2024,9.678506432
Venezuela,2023,9.259066835
Venezuela,2022,8.839627239
Venezuela,2021,8.420187642
Venezuela,2020,8.000748046
Venezuela,2019,7.581308449
Venezuela,2018,7.161868853
Venezuela,2017,6.742429256
Venezuela,2016,6.32298966
Venezuela,2015,6.191633579
Venezuela,2014,4.762276678
Venezuela,2013,4.89424516
Venezuela,2012,4.062411147
Venezuela,2011,5.047072389
Venezuela,2010,4.233208989
Venezuela,2009,4.055620822
Venezuela,2008,2.956987385
Venezuela,2007,2.355151549
Venezuela,2006,1.867827027
Venezuela,2005,1.44343816
Venezuela,2004,1.220288755
Viet Nam,2025,1.134904227
Viet Nam,2024,0.956278525
Viet Nam,2023,0.91312196
Viet Nam,2022,0.815541793
Viet Nam,2021,0.771348206
Viet Nam,2020,0.744085221
Viet Nam,2019,0.690100015
Viet Nam,2018,0.62611623
Viet Nam,2017,0.57213325
Viet Nam,2016,0.532437133
Viet Nam,2015,0.51951442
Viet Nam,2014,0.475581202
Viet Nam,2013,0.435261982
Viet Nam,2012,0.384087416
Viet Nam,2011,0.327576417
Viet Nam,2010,0.235922404
Viet Nam,2009,0.220601421
Viet Nam,2008,0.172275597
Viet Nam,2007,0.147701389
Viet Nam,2006,0.128255212
Viet Nam,2005,0.101093701
Viet Nam,2004,0.094008811
West Bank and Gaza,2025,0.001038978
West Bank and Gaza,2024,9.38076E-4
West Bank and Gaza,2023,0.001032024
West Bank and Gaza,2022,9.75134E-4
West Bank and Gaza,2021,8.36351E-4
West Bank and Gaza,2020,9.22605E-4
West Bank and Gaza,2019,8.76463E-4
West Bank and Gaza,2018,8.68461E-4
West Bank and Gaza,2017,8.2955E-4
West Bank and Gaza,2016,7.52386E-4
West Bank and Gaza,2015,7.53318E-4
West Bank and Gaza,2014,7.27783E-4
West Bank and Gaza,2013,6.57398E-4
West Bank and Gaza,2012,6.02349E-4
West Bank and Gaza,2011,5.2133E-4
West Bank and Gaza,2010,4.35399E-4
West Bank and Gaza,2009,3.93651E-4
West Bank and Gaza,2008,3.13164E-4
West Bank and Gaza,2007,2.87995E-4
West Bank and Gaza,2006,2.76009E-4
West Bank and Gaza,2005,2.47868E-4
West Bank and Gaza,2004,2.03296E-4
Yemen,2025,0.707859587
Yemen,2024,0.582815836
Yemen,2023,0.566298612
Yemen,2022,0.549781387
Yemen,2021,0.533264162
Yemen,2020,0.516746938
Yemen,2019,0.29107048
Yemen,2018,0.361608918
Yemen,2017,0.42190255
Yemen,2016,0.571797
Yemen,2015,0.582360059
Yemen,2014,0.544459587
Yemen,2013,0.476914093
Yemen,2012,0.440878611
Yemen,2011,0.416364689
Yemen,2010,0.338546131
Yemen,2009,0.362533436
Yemen,2008,0.291668188
Yemen,2007,0.256811857
Yemen,2006,0.22540169
Yemen,2005,0.186819816
Yemen,2004,0.179681611
Zambia,2025,0.034824004
Zambia,2024,0.030489761
Zambia,2023,0.032243025
Zambia,2022,0.024429456
Zambia,2021,0.020052832
Zambia,2020,0.025769702
Zambia,2019,0.029089594
Zambia,2018,0.028605452
Zambia,2017,0.023171296
Zambia,2016,0.023495016
Zambia,2015,0.030006695
Zambia,2014,0.030997537
Zambia,2013,0.028195788
Zambia,2012,0.025936476
Zambia,2011,0.022405288
Zambia,2010,0.016946778
Zambia,2009,0.019801968
Zambia,2008,0.015541155
Zambia,2007,0.014103785
Zambia,2006,0.009211586
Zambia,2005,0.006877963
Zambia,2004,0.006426057
Zimbabwe,2025,0.188227491
Zimbabwe,2024,0.151841439
Zimbabwe,2023,0.141318472
Zimbabwe,2022,0.117402169
Zimbabwe,2021,0.115796416
Zimbabwe,2020,0.110837834
Zimbabwe,2019,0.14720708
Zimbabwe,2018,0.220123441
Zimbabwe,2017,0.088561445
Zimbabwe,2016,0.086037788
Zimbabwe,2015,0.084022504
Zimbabwe,2014,0.082279177
Zimbabwe,2013,0.073762206
Zimbabwe,2012,0.060776972
Zimbabwe,2011,0.051897566
Zimbabwe,2010,0.04165799
Zimbabwe,2009,0.019030958
Zimbabwe,2008,0.02280744
Zimbabwe,2007,0.023462304
Zimbabwe,2006,0.024804037
Zimbabwe,2005,0.02502118
Zimbabwe,2004,0.026563888
