country_name,year,tam
Afghanistan,2025,0.001182
Afghanistan,2024,0.001028777
Afghanistan,2023,8.65455E-4
Afghanistan,2022,8.51292E-4
Afghanistan,2021,0.001191327
Afghanistan,2020,0.001122287
Afghanistan,2019,0.00107774
Afghanistan,2018,0.001119542
Afghanistan,2017,0.001081521
Afghanistan,2016,0.001142273
Afghanistan,2015,0.001223636
Afghanistan,2014,0.001202699
Afghanistan,2013,0.001188426
Afghanistan,2012,0.001062927
Afghanistan,2011,9.4661E-4
Afghanistan,2010,7.41218E-4
Afghanistan,2009,6.03504E-4
Afghanistan,2008,5.81928E-4
Afghanistan,2007,4.16199E-4
Afghanistan,2006,3.70321E-4
Afghanistan,2005,3.11915E-4
Afghanistan,2004,3.07566E-4
Albania,2025,10.0735
Albania,2024,9.324229747
Albania,2023,7.530461835
Albania,2022,7.140328928
Albania,2021,6.035324147
Albania,2020,6.171401498
Albania,2019,6.089989743
Albania,2018,5.155560849
Albania,2017,4.696806713
Albania,2016,4.508974548
Albania,2015,5.238091672
Albania,2014,5.05913886
Albania,2013,4.878417089
Albania,2012,5.104492838
Albania,2011,4.722833254
Albania,2010,4.769273454
Albania,2009,5.10076768
Albania,2008,4.228015021
Albania,2007,3.522674384
Albania,2006,3.188467525
Albania,2005,2.844997209
Albania,2004,2.696304945
Algeria,2025,13.84307
Algeria,2024,11.789559519
Algeria,2023,10.742703233
Algeria,2022,8.866522331
Algeria,2021,7.849660563
Algeria,2020,9.210697522
Algeria,2019,9.26278324
Algeria,2018,9.040300094
Algeria,2017,8.60623657
Algeria,2016,8.926654198
Algeria,2015,11.376158885
Algeria,2014,10.936144068
Algeria,2013,10.814404414
Algeria,2012,10.394862046
Algeria,2011,8.46440535
Algeria,2010,7.156644368
Algeria,2009,8.588144639
Algeria,2008,6.783664918
Algeria,2007,5.860071817
Algeria,2006,5.0965447
Algeria,2005,4.376042147
Algeria,2004,4.18760014
Andorra,2025,0.001916
Andorra,2024,0.002043257
Andorra,2023,0.001824924
Andorra,2022,0.001794713
Andorra,2021,0.001560621
Andorra,2020,0.001703214
Andorra,2019,0.001737369
Andorra,2018,0.001619549
Andorra,2017,0.001563649
Andorra,2016,0.001506035
Andorra,2015,0.001766123
Andorra,2014,0.001723923
Andorra,2013,0.0017213
Andorra,2012,0.00195908
Andorra,2011,0.00186234
Andorra,2010,0.001991385
Andorra,2009,0.002214516
Andorra,2008,0.002136407
Andorra,2007,0.001867421
Andorra,2006,0.001706418
Andorra,2005,0.001565612
Andorra,2004,0.001447822
Angola,2025,54.5566176
Angola,2024,59.190527903
Angola,2023,72.850177237
Angola,2022,46.407188762
Angola,2021,33.844323084
Angola,2020,49.472501444
Angola,2019,55.440581622
Angola,2018,51.420889385
Angola,2017,36.816984351
Angola,2016,63.14827848
Angola,2015,94.877586672
Angola,2014,92.345973233
Angola,2013,89.355208294
Angola,2012,78.006909134
Angola,2011,58.475158415
Angola,2010,49.060265355
Angola,2009,61.782159425
Angola,2008,45.542815484
Angola,2007,36.551407715
Angola,2006,25.798244081
Angola,2005,16.434593642
Angola,2004,14.812612565
Antigua & Barbuda,2025,54.5566176
Antigua & Barbuda,2024,48.742995246
Antigua & Barbuda,2023,44.778702654
Antigua & Barbuda,2022,38.392590931
Antigua & Barbuda,2021,33.823687102
Antigua & Barbuda,2020,41.365122199
Antigua & Barbuda,2019,39.834991398
Antigua & Barbuda,2018,36.70919841
Antigua & Barbuda,2017,35.715217204
Antigua & Barbuda,2016,34.470032415
Antigua & Barbuda,2015,33.057289775
Antigua & Barbuda,2014,31.776941805
Antigua & Barbuda,2013,31.817255128
Antigua & Barbuda,2012,30.719915507
Antigua & Barbuda,2011,31.125535152
Antigua & Barbuda,2010,33.239854109
Antigua & Barbuda,2009,37.341869142
Antigua & Barbuda,2008,35.657855048
Antigua & Barbuda,2007,31.252424467
Antigua & Barbuda,2006,27.420437766
Antigua & Barbuda,2005,24.602588921
Antigua & Barbuda,2004,23.26117831
Argentina,2025,69.42293862
Argentina,2024,59.37566758
Argentina,2023,58.154747805
Argentina,2022,44.716267184
Argentina,2021,35.450418896
Argentina,2020,41.149637484
Argentina,2019,48.232075007
Argentina,2018,59.150783074
Argentina,2017,51.23837743
Argentina,2016,54.658698941
Argentina,2015,48.3699282
Argentina,2014,50.732272409
Argentina,2013,50.176907848
Argentina,2012,48.722648568
Argentina,2011,38.932222932
Argentina,2010,30.601203094
Argentina,2009,33.227949727
Argentina,2008,26.42471087
Argentina,2007,21.372483266
Argentina,2006,18.264353284
Argentina,2005,15.132420652
Argentina,2004,13.879189099
Armenia,2025,0.001182
Armenia,2024,0.001120315
Armenia,2023,9.07643E-4
Armenia,2022,6.45558E-4
Armenia,2021,5.88011E-4
Armenia,2020,6.33482E-4
Armenia,2019,5.79464E-4
Armenia,2018,5.36183E-4
Armenia,2017,4.90539E-4
Armenia,2016,4.90874E-4
Armenia,2015,5.4E-4
Armenia,2014,5.17299E-4
Armenia,2013,4.93943E-4
Armenia,2012,4.71746E-4
Armenia,2011,4.30729E-4
Armenia,2010,4.02247E-4
Armenia,2009,5.42443E-4
Armenia,2008,4.28218E-4
Armenia,2007,2.96964E-4
Armenia,2006,2.27938E-4
Armenia,2005,1.66361E-4
Armenia,2004,1.50553E-4
Australia,2025,62.17492306
Australia,2024,54.09535752
Australia,2023,52.930845119
Australia,2022,48.732339656
Australia,2021,41.584675233
Australia,2020,43.597841698
Australia,2019,44.696302455
Australia,2018,41.496084639
Australia,2017,37.779036185
Australia,2016,42.301226009
Australia,2015,45.962866212
Australia,2014,49.370317149
Australia,2013,48.444028925
Australia,2012,43.782222829
Australia,2011,35.96339857
Australia,2010,29.074055554
Australia,2009,33.060569674
Australia,2008,26.765221895
Australia,2007,23.428549521
Australia,2006,21.778041017
Australia,2005,19.24137614
Australia,2004,18.461509402
Austria,2025,5.134105015
Austria,2024,5.520462476
Austria,2023,5.089871042
Austria,2022,5.183658002
Austria,2021,4.686629193
Austria,2020,4.779261752
Austria,2019,4.882812567
Austria,2018,4.476549857
Austria,2017,4.247406727
Austria,2016,4.094842434
Austria,2015,4.731488986
Austria,2014,4.602293215
Austria,2013,4.388340702
Austria,2012,4.627905804
Austria,2011,4.205772782
Austria,2010,4.307856322
Austria,2009,4.630915877
Austria,2008,4.172672772
Austria,2007,3.602442017
Austria,2006,3.387162483
Austria,2005,3.228114128
Austria,2004,3.147375907
Azerbaijan,2025,64.07666203
Azerbaijan,2024,53.567767655
Azerbaijan,2023,58.343882719
Azerbaijan,2022,40.589139204
Azerbaijan,2021,31.607097224
Azerbaijan,2020,35.665044355
Azerbaijan,2019,34.878983005
Azerbaijan,2018,30.254970697
Azerbaijan,2017,28.034241025
Azerbaijan,2016,39.294163708
Azerbaijan,2015,55.702602626
Azerbaijan,2014,54.903614973
Azerbaijan,2013,51.586461025
Azerbaijan,2012,48.827125031
Azerbaijan,2011,39.170571864
Azerbaijan,2010,32.791208216
Azerbaijan,2009,36.166294058
Azerbaijan,2008,24.467622635
Azerbaijan,2007,15.533644523
Azerbaijan,2006,9.806041674
Azerbaijan,2005,6.426403115
Azerbaijan,2004,5.88208649
Bahrain,2025,84.98527923
Bahrain,2024,73.293689756
Bahrain,2023,74.248883483
Bahrain,2022,64.959603349
Bahrain,2021,57.00260272
Bahrain,2020,64.333862624
Bahrain,2019,62.936014019
Bahrain,2018,59.177212493
Bahrain,2017,53.896277189
Bahrain,2016,51.730889393
Bahrain,2015,55.30846639
Bahrain,2014,53.798684987
Bahrain,2013,50.840334108
Bahrain,2012,47.581676754
Bahrain,2011,42.63704748
Bahrain,2010,36.485058412
Bahrain,2009,40.895236068
Bahrain,2008,34.563291549
Bahrain,2007,29.433292084
Bahrain,2006,25.399523363
Bahrain,2005,20.916373644
Bahrain,2004,19.551491712
Bangladesh,2025,0.353772435
Bangladesh,2024,0.297576155
Bangladesh,2023,0.313030672
Bangladesh,2022,0.28319244
Bangladesh,2021,0.254420248
Bangladesh,2020,0.238945322
Bangladesh,2019,0.218625255
Bangladesh,2018,0.199827713
Bangladesh,2017,0.180434223
Bangladesh,2016,0.132759722
Bangladesh,2015,0.117616105
Bangladesh,2014,0.102045256
Bangladesh,2013,0.090692306
Bangladesh,2012,0.087492145
Bangladesh,2011,0.078422982
Bangladesh,2010,0.069714382
Bangladesh,2009,0.062341221
Bangladesh,2008,0.054160299
Bangladesh,2007,0.048843088
Bangladesh,2006,0.047264957
Bangladesh,2005,0.044293749
Bangladesh,2004,0.042088508
Belarus,2025,0.091783853
Belarus,2024,0.086723078
Belarus,2023,0.089037624
Belarus,2022,0.084087696
Belarus,2021,0.074068207
Belarus,2020,0.077735145
Belarus,2019,0.072450289
Belarus,2018,0.066046751
Belarus,2017,0.057596486
Belarus,2016,0.068134151
Belarus,2015,0.095117422
Belarus,2014,0.091152532
Belarus,2013,0.079274841
Belarus,2012,0.074539646
Belarus,2011,0.069071913
Belarus,2010,0.061397695
Belarus,2009,0.073320367
Belarus,2008,0.05464225
Belarus,2007,0.044608488
Belarus,2006,0.036459888
Belarus,2005,0.027929042
Belarus,2004,0.025059763
Belgium,2025,4.002658894
Belgium,2024,3.590105025
Belgium,2023,3.304225353
Belgium,2022,3.332371227
Belgium,2021,2.949297812
Belgium,2020,2.988451479
Belgium,2019,3.021374634
Belgium,2018,2.789025018
Belgium,2017,2.640712132
Belgium,2016,2.567065154
Belgium,2015,2.995472635
Belgium,2014,2.918134122
Belgium,2013,2.775133038
Belgium,2012,2.935394697
Belgium,2011,2.681274484
Belgium,2010,2.700528377
Belgium,2009,2.88044482
Belgium,2008,2.622059574
Belgium,2007,2.273162099
Belgium,2006,2.147633172
Belgium,2005,2.055762368
Belgium,2004,1.98487826
Belize,2025,0.12100883
Belize,2024,0.105973691
Belize,2023,0.098366502
Belize,2022,0.083641071
Belize,2021,0.070589809
Belize,2020,0.082526686
Belize,2019,0.079242274
Belize,2018,0.078311028
Belize,2017,0.077409154
Belize,2016,0.075779906
Belize,2015,0.073886315
Belize,2014,0.070240808
Belize,2013,0.065978501
Belize,2012,0.063132932
Belize,2011,0.060321918
Belize,2010,0.058345396
Belize,2009,0.060086946
Belize,2008,0.058988111
Belize,2007,0.054981508
Belize,2006,0.050966267
Belize,2005,0.048405773
Belize,2004,0.046197161
Benin,2025,0.006853285
Benin,2024,0.00637801
Benin,2023,0.005640793
Benin,2022,0.005734258
Benin,2021,0.005073463
Benin,2020,0.004665079
Benin,2019,0.004623173
Benin,2018,0.004117254
Benin,2017,0.00383181
Benin,2016,0.003691483
Benin,2015,0.004306193
Benin,2014,0.004057672
Benin,2013,0.003611482
Benin,2012,0.00346625
Benin,2011,0.003090891
Benin,2010,0.003156785
Benin,2009,0.003172704
Benin,2008,0.002648005
Benin,2007,0.002280114
Benin,2006,0.002128912
Benin,2005,0.002006582
Benin,2004,0.001921467
Bhutan,2025,0.001182
Bhutan,2024,0.00111226
Bhutan,2023,0.001031021
Bhutan,2022,9.84979E-4
Bhutan,2021,8.74273E-4
Bhutan,2020,9.73197E-4
Bhutan,2019,9.19001E-4
Bhutan,2018,9.21855E-4
Bhutan,2017,8.38663E-4
Bhutan,2016,7.78298E-4
Bhutan,2015,7.43173E-4
Bhutan,2014,6.91454E-4
Bhutan,2013,7.02017E-4
Bhutan,2012,7.03561E-4
Bhutan,2011,6.07921E-4
Bhutan,2010,4.73615E-4
Bhutan,2009,4.68696E-4
Bhutan,2008,4.46729E-4
Bhutan,2007,3.35422E-4
Bhutan,2006,3.06077E-4
Bhutan,2005,2.61594E-4
Bhutan,2004,2.48765E-4
Bolivia,2025,0.001182
Bolivia,2024,9.77252E-4
Bolivia,2023,9.52848E-4
Bolivia,2022,8.74855E-4
Bolivia,2021,7.93093E-4
Bolivia,2020,8.85448E-4
Bolivia,2019,8.72291E-4
Bolivia,2018,8.12121E-4
Bolivia,2017,7.34878E-4
Bolivia,2016,7.14506E-4
Bolivia,2015,7.14419E-4
Bolivia,2014,6.63823E-4
Bolivia,2013,5.86422E-4
Bolivia,2012,5.1884E-4
Bolivia,2011,4.25447E-4
Bolivia,2010,3.75438E-4
Bolivia,2009,3.61024E-4
Bolivia,2008,2.84071E-4
Bolivia,2007,2.4795E-4
Bolivia,2006,2.06753E-4
Bolivia,2005,1.89959E-4
Bolivia,2004,1.82349E-4
Bosnia & Herzegovina,2025,6.93108959
Bosnia & Herzegovina,2024,6.173656883
Bosnia & Herzegovina,2023,5.504989733
Bosnia & Herzegovina,2022,5.311588525
Bosnia & Herzegovina,2021,4.538237217
Bosnia & Herzegovina,2020,4.595805859
Bosnia & Herzegovina,2019,4.596130108
Bosnia & Herzegovina,2018,4.111998384
Bosnia & Herzegovina,2017,3.840627493
Bosnia & Herzegovina,2016,3.680742212
Bosnia & Herzegovina,2015,4.164134436
Bosnia & Herzegovina,2014,4.078955689
Bosnia & Herzegovina,2013,3.865266147
Bosnia & Herzegovina,2012,4.183318578
Bosnia & Herzegovina,2011,3.853953066
Bosnia & Herzegovina,2010,3.952147474
Bosnia & Herzegovina,2009,4.28845289
Bosnia & Herzegovina,2008,3.540369308
Bosnia & Herzegovina,2007,2.886561791
Bosnia & Herzegovina,2006,2.518126171
Bosnia & Herzegovina,2005,2.278884183
Bosnia & Herzegovina,2004,2.143313875
Botswana,2025,0.030727701
Botswana,2024,0.030842068
Botswana,2023,0.032314317
Botswana,2022,0.029816222
Botswana,2021,0.023788632
Botswana,2020,0.026596172
Botswana,2019,0.027082803
Botswana,2018,0.025609102
Botswana,2017,0.023983176
Botswana,2016,0.02151549
Botswana,2015,0.02459927
Botswana,2014,0.022693752
Botswana,2013,0.022114513
Botswana,2012,0.02402771
Botswana,2011,0.020094759
Botswana,2010,0.016089547
Botswana,2009,0.017063287
Botswana,2008,0.01680321
Botswana,2007,0.015772635
Botswana,2006,0.015772235
Botswana,2005,0.014243433
Botswana,2004,0.013868184
Brazil,2025,29.89278556
Brazil,2024,28.390772459
Brazil,2023,25.494447905
Brazil,2022,21.820719801
Brazil,2021,19.279790923
Brazil,2020,24.467444524
Brazil,2019,25.037435972
Brazil,2018,26.951948951
Brazil,2017,23.453894196
Brazil,2016,23.539053321
Brazil,2015,32.0788679
Brazil,2014,32.298035098
Brazil,2013,32.198900472
Brazil,2012,34.170229738
Brazil,2011,28.85013541
Brazil,2010,21.773046363
Brazil,2009,22.149993045
Brazil,2008,18.247954892
Brazil,2007,14.466994207
Brazil,2006,11.645823888
Brazil,2005,8.741727911
Brazil,2004,8.265630516
Brunei Darussalam,2025,501.3075711
Brunei Darussalam,2024,445.406509288
Brunei Darussalam,2023,491.13703218
Brunei Darussalam,2022,412.378632014
Brunei Darussalam,2021,353.474204016
Brunei Darussalam,2020,396.56061042
Brunei Darussalam,2019,399.436295976
Brunei Darussalam,2018,357.076968347
Brunei Darussalam,2017,335.646111225
Brunei Darussalam,2016,380.693207899
Brunei Darussalam,2015,503.392567398
Brunei Darussalam,2014,532.727079882
Brunei Darussalam,2013,560.823396675
Brunei Darussalam,2012,545.406050546
Brunei Darussalam,2011,403.564429809
Brunei Darussalam,2010,350.739189707
Brunei Darussalam,2009,468.906002841
Brunei Darussalam,2008,395.465197433
Brunei Darussalam,2007,372.282218466
Brunei Darussalam,2006,310.530256395
Brunei Darussalam,2005,253.765467568
Brunei Darussalam,2004,253.500462139
Bulgaria,2025,1.715894031
Bulgaria,2024,1.70919773
Bulgaria,2023,1.512836464
Bulgaria,2022,1.408942375
Bulgaria,2021,1.180269416
Bulgaria,2020,1.145469014
Bulgaria,2019,1.10637317
Bulgaria,2018,0.989884452
Bulgaria,2017,0.900667713
Bulgaria,2016,0.848056282
Bulgaria,2015,0.953967979
Bulgaria,2014,0.932176427
Bulgaria,2013,0.906073327
Bulgaria,2012,0.96363584
Bulgaria,2011,0.84720398
Bulgaria,2010,0.868281413
Bulgaria,2009,0.909286987
Bulgaria,2008,0.741587191
Bulgaria,2007,0.57381391
Bulgaria,2006,0.498510294
Bulgaria,2005,0.436574834
Bulgaria,2004,0.409889298
Burkina Faso,2025,0.001182
Burkina Faso,2024,0.001061261
Burkina Faso,2023,9.82708E-4
Burkina Faso,2022,0.001028517
Burkina Faso,2021,9.25521E-4
Burkina Faso,2020,8.37162E-4
Burkina Faso,2019,8.29709E-4
Burkina Faso,2018,7.36603E-4
Burkina Faso,2017,6.70101E-4
Burkina Faso,2016,6.17823E-4
Burkina Faso,2015,7.28042E-4
Burkina Faso,2014,7.02002E-4
Burkina Faso,2013,6.55881E-4
Burkina Faso,2012,6.3078E-4
Burkina Faso,2011,5.2788E-4
Burkina Faso,2010,4.93473E-4
Burkina Faso,2009,4.93512E-4
Burkina Faso,2008,3.98181E-4
Burkina Faso,2007,3.41877E-4
Burkina Faso,2006,3.20935E-4
Burkina Faso,2005,2.84663E-4
Burkina Faso,2004,2.72461E-4
Burundi,2025,0.001182
Burundi,2024,0.001376958
Burundi,2023,0.001739969
Burundi,2022,0.001446602
Burundi,2021,0.001380876
Burundi,2020,0.001342748
Burundi,2019,0.001389997
Burundi,2018,0.001419392
Burundi,2017,0.00137817
Burundi,2016,0.001617646
Burundi,2015,0.001410114
Burundi,2014,0.00127765
Burundi,2013,0.001216017
Burundi,2012,0.001165194
Burundi,2011,0.001059044
Burundi,2010,9.28402E-4
Burundi,2009,8.40005E-4
Burundi,2008,7.06781E-4
Burundi,2007,6.63617E-4
Burundi,2006,5.82181E-4
Burundi,2005,4.76985E-4
Burundi,2004,4.54992E-4
Cambodia,2025,0.0224049
Cambodia,2024,0.02205042
Cambodia,2023,0.020831057
Cambodia,2022,0.019162069
Cambodia,2021,0.01813491
Cambodia,2020,0.01910748
Cambodia,2019,0.017263959
Cambodia,2018,0.015289828
Cambodia,2017,0.013831913
Cambodia,2016,0.012591059
Cambodia,2015,0.011480244
Cambodia,2014,0.010316499
Cambodia,2013,0.009284909
Cambodia,2012,0.008350553
Cambodia,2011,0.007192214
Cambodia,2010,0.006512106
Cambodia,2009,0.006340957
Cambodia,2008,0.005275101
Cambodia,2007,0.004349354
Cambodia,2006,0.003680464
Cambodia,2005,0.003064301
Cambodia,2004,0.00279953
Cameroon,2025,1.967740019
Cameroon,2024,1.870141899
Cameroon,2023,1.682965899
Cameroon,2022,1.708192292
Cameroon,2021,1.547334783
Cameroon,2020,1.505381942
Cameroon,2019,1.516303681
Cameroon,2018,1.369931254
Cameroon,2017,1.28324603
Cameroon,2016,1.222370665
Cameroon,2015,1.380860698
Cameroon,2014,1.279993133
Cameroon,2013,1.144377427
Cameroon,2012,1.162435751
Cameroon,2011,1.043903137
Cameroon,2010,1.060049565
Cameroon,2009,1.051783033
Cameroon,2008,0.9080714
Cameroon,2007,0.793548983
Cameroon,2006,0.74039424
Cameroon,2005,0.714450339
Cameroon,2004,0.667405818
Canada,2025,207.5727881
Canada,2024,204.789114148
Canada,2023,206.606194928
Canada,2022,191.885068626
Canada,2021,158.259037706
Canada,2020,166.675342951
Canada,2019,164.916569339
Canada,2018,157.646334506
Canada,2017,146.053722351
Canada,2016,148.77982145
Canada,2015,172.603557049
Canada,2014,176.508225639
Canada,2013,174.765701566
Canada,2012,171.41638486
Canada,2011,154.594288775
Canada,2010,131.394726637
Canada,2009,148.44336041
Canada,2008,140.397926992
Canada,2007,126.102156263
Canada,2006,112.132332167
Canada,2005,98.136699979
Canada,2004,95.192986491
Chad,2025,6.479306095
Chad,2024,6.006683277
Chad,2023,5.662929069
Chad,2022,5.381159484
Chad,2021,4.894851138
Chad,2020,5.168731143
Chad,2019,5.134112968
Chad,2018,4.568234494
Chad,2017,4.612719905
Chad,2016,5.002198686
Chad,2015,6.368218218
Chad,2014,5.917245115
Chad,2013,5.64947851
Chad,2012,5.560376826
Chad,2011,4.873247673
Chad,2010,4.244055181
Chad,2009,4.747959743
Chad,2008,3.951429925
Chad,2007,3.393471191
Chad,2006,3.037439808
Chad,2005,2.020384499
Chad,2004,1.51193145
Chile,2025,3.255913075
Chile,2024,2.516928909
Chile,2023,2.266265945
Chile,2022,2.366768171
Chile,2021,1.905641633
Chile,2020,2.087495303
Chile,2019,2.219315397
Chile,2018,2.071510063
Chile,2017,1.870408093
Chile,2016,1.818686728
Chile,2015,1.947041229
Chile,2014,2.080819158
Chile,2013,2.003030825
Chile,2012,1.885695714
Chile,2011,1.628161572
Chile,2010,1.288555862
Chile,2009,1.349443799
Chile,2008,1.293904279
Chile,2007,1.154027804
Chile,2006,0.917362239
Chile,2005,0.743197279
Chile,2004,0.696697891
China,2025,8.704525889
China,2024,7.251025867
China,2023,7.28647663
China,2022,7.261498104
China,2021,5.984944626
China,2020,5.818815012
China,2019,5.661894448
China,2018,5.016283068
China,2017,4.577345565
China,2016,4.507381242
China,2015,4.268597937
China,2014,3.899775526
China,2013,3.476697147
China,2012,3.077105918
China,2011,2.480408442
China,2010,2.07883686
China,2009,1.87210186
China,2008,1.446688621
China,2007,1.121433976
China,2006,0.931483079
China,2005,0.796766102
China,2004,0.723585413
Colombia,2025,22.45025814
Colombia,2024,21.293806143
Colombia,2023,20.229742651
Colombia,2022,18.659481591
Colombia,2021,15.837229509
Colombia,2020,18.923505714
Colombia,2019,19.577620058
Colombia,2018,18.26944995
Colombia,2017,16.56199242
Colombia,2016,17.193025889
Colombia,2015,22.333441398
Colombia,2014,22.383410907
Colombia,2013,21.715412889
Colombia,2012,19.62261019
Colombia,2011,16.783369646
Colombia,2010,13.618243548
Colombia,2009,14.206102892
Colombia,2008,12.081139278
Colombia,2007,9.477979766
Colombia,2006,8.529437812
Colombia,2005,6.859354897
Colombia,2004,6.512065031
"Congo, Dem. Rep.",2025,0.001182
"Congo, Dem. Rep.",2024,0.001075475
"Congo, Dem. Rep.",2023,0.00106605
"Congo, Dem. Rep.",2022,8.96376E-4
"Congo, Dem. Rep.",2021,7.89263E-4
"Congo, Dem. Rep.",2020,8.3882E-4
"Congo, Dem. Rep.",2019,7.70652E-4
"Congo, Dem. Rep.",2018,6.1595E-4
"Congo, Dem. Rep.",2017,6.01621E-4
"Congo, Dem. Rep.",2016,6.14304E-4
"Congo, Dem. Rep.",2015,5.81762E-4
"Congo, Dem. Rep.",2014,5.29444E-4
"Congo, Dem. Rep.",2013,4.7479E-4
"Congo, Dem. Rep.",2012,4.1863E-4
"Congo, Dem. Rep.",2011,3.49386E-4
"Congo, Dem. Rep.",2010,3.02122E-4
"Congo, Dem. Rep.",2009,3.20594E-4
"Congo, Dem. Rep.",2008,2.71157E-4
"Congo, Dem. Rep.",2007,2.34135E-4
"Congo, Dem. Rep.",2006,1.93837E-4
"Congo, Dem. Rep.",2005,1.66829E-4
"Congo, Dem. Rep.",2004,1.56298E-4
Costa Rica,2025,0.28727049
Costa Rica,2024,0.297234269
Costa Rica,2023,0.237942987
Costa Rica,2022,0.223225588
Costa Rica,2021,0.214411042
Costa Rica,2020,0.221359479
Costa Rica,2019,0.214495418
Costa Rica,2018,0.207952259
Costa Rica,2017,0.202216961
Costa Rica,2016,0.193952281
Costa Rica,2015,0.178744823
Costa Rica,2014,0.175079167
Costa Rica,2013,0.162302898
Costa Rica,2012,0.146945858
Costa Rica,2011,0.129406912
Costa Rica,2010,0.105651993
Costa Rica,2009,0.105844535
Costa Rica,2008,0.09238433
Costa Rica,2007,0.078057777
Costa Rica,2006,0.068865982
Costa Rica,2005,0.063951887
Costa Rica,2004,0.061242166
Cote d'Ivoire,2025,16.95311675
Cote d'Ivoire,2024,15.756220771
Cote d'Ivoire,2023,14.017833654
Cote d'Ivoire,2022,14.541505568
Cote d'Ivoire,2021,12.590486259
Cote d'Ivoire,2020,12.062127649
Cote d'Ivoire,2019,11.690489516
Cote d'Ivoire,2018,10.489901148
Cote d'Ivoire,2017,9.669966896
Cote d'Ivoire,2016,9.15203624
Cote d'Ivoire,2015,9.756911645
Cote d'Ivoire,2014,8.541813394
Cote d'Ivoire,2013,7.251772434
Cote d'Ivoire,2012,7.329960344
Cote d'Ivoire,2011,6.978900375
Cote d'Ivoire,2010,6.769252602
Cote d'Ivoire,2009,6.807492196
Cote d'Ivoire,2008,5.745135108
Cote d'Ivoire,2007,5.050232114
Cote d'Ivoire,2006,4.801631043
Cote d'Ivoire,2005,4.696488407
Cote d'Ivoire,2004,4.551520732
Croatia,2025,6.115389898
Croatia,2024,6.280830031
Croatia,2023,5.29880808
Croatia,2022,5.135685552
Croatia,2021,4.313801487
Croatia,2020,4.574595015
Croatia,2019,4.589520371
Croatia,2018,4.181538585
Croatia,2017,3.918726449
Croatia,2016,3.795954361
Croatia,2015,4.436507951
Croatia,2014,4.454388585
Croatia,2013,4.28318338
Croatia,2012,4.681477832
Croatia,2011,4.389591374
Croatia,2010,4.638156622
Croatia,2009,5.096388325
Croatia,2008,4.41314822
Croatia,2007,3.69064575
Croatia,2006,3.350006356
Croatia,2005,3.113577705
Croatia,2004,2.988925039
Cuba,2025,0.258810359
Cuba,2024,0.249096425
Cuba,2023,0.240129498
Cuba,2022,0.23116257
Cuba,2021,0.22083403
Cuba,2020,0.212761961
Cuba,2019,0.20581307
Cuba,2018,0.199231679
Cuba,2017,0.187958262
Cuba,2016,0.17924107
Cuba,2015,0.165917836
Cuba,2014,0.158701316
Cuba,2013,0.150458508
Cuba,2012,0.141919477
Cuba,2011,0.122527099
Cuba,2010,0.118245279
Cuba,2009,0.115819232
Cuba,2008,0.111624267
Cuba,2007,0.100460488
Cuba,2006,0.087722727
Cuba,2005,0.078587473
Cuba,2004,0.074299965
Cyprus,2025,67.31092231
Cyprus,2024,60.134107406
Cyprus,2023,54.968824523
Cyprus,2022,53.898232982
Cyprus,2021,45.348832906
Cyprus,2020,46.487337742
Cyprus,2019,45.701804556
Cyprus,2018,40.719873822
Cyprus,2017,37.348033496
Cyprus,2016,35.330042041
Cyprus,2015,41.21559061
Cyprus,2014,42.517746999
Cyprus,2013,44.447969576
Cyprus,2012,49.051353308
Cyprus,2011,45.783325168
Cyprus,2010,46.22383963
Cyprus,2009,49.411761808
Cyprus,2008,42.533743186
Cyprus,2007,35.620139652
Cyprus,2006,32.711041824
Cyprus,2005,30.736212083
Cyprus,2004,29.265240447
Czech Republic,2025,1.891620123
Czech Republic,2024,1.580162147
Czech Republic,2023,1.389658519
Czech Republic,2022,1.339667259
Czech Republic,2021,1.15613423
Czech Republic,2020,1.182303905
Czech Republic,2019,1.160195042
Czech Republic,2018,1.020101647
Czech Republic,2017,0.912352018
Czech Republic,2016,0.870671148
Czech Republic,2015,0.971054226
Czech Republic,2014,0.980782678
Czech Republic,2013,0.968531182
Czech Republic,2012,1.065521042
Czech Republic,2011,0.972242082
Czech Republic,2010,0.952918696
Czech Republic,2009,1.088896031
Czech Republic,2008,0.874966768
Czech Republic,2007,0.719325346
Czech Republic,2006,0.63197646
Czech Republic,2005,0.553172775
Czech Republic,2004,0.528157444
Denmark,2025,16.81733883
Denmark,2024,16.578652382
Denmark,2023,16.369083673
Denmark,2022,16.631024197
Denmark,2021,14.482924561
Denmark,2020,14.066312066
Denmark,2019,14.469159652
Denmark,2018,13.504720051
Denmark,2017,12.713482107
Denmark,2016,12.289009767
Denmark,2015,14.368977175
Denmark,2014,14.034954136
Denmark,2013,13.308509005
Denmark,2012,14.022125892
Denmark,2011,13.12740678
Denmark,2010,13.138524591
Denmark,2009,14.456372132
Denmark,2008,13.040541242
Denmark,2007,11.540776984
Denmark,2006,10.798123469
Denmark,2005,10.262025044
Denmark,2004,9.984811544
Djibouti,2025,5.467465685
Djibouti,2024,4.645370133
Djibouti,2023,4.164535645
Djibouti,2022,3.837573331
Djibouti,2021,3.610124455
Djibouti,2020,3.5009788
Djibouti,2019,3.302191187
Djibouti,2018,3.131174155
Djibouti,2017,2.952517049
Djibouti,2016,2.747862228
Djibouti,2015,2.510168955
Djibouti,2014,2.315376646
Djibouti,2013,1.534239167
Djibouti,2012,1.404475297
Djibouti,2011,1.27919484
Djibouti,2010,1.189086534
Djibouti,2009,1.132409308
Djibouti,2008,0.961051102
Djibouti,2007,0.871459377
Djibouti,2006,0.8031814
Djibouti,2005,0.754941665
Djibouti,2004,0.702628174
Dominican Republic,2025,0.001182
Dominican Republic,2024,0.001050972
Dominican Republic,2023,9.82546E-4
Dominican Republic,2022,8.1558E-4
Dominican Republic,2021,6.82319E-4
Dominican Republic,2020,7.69696E-4
Dominican Republic,2019,7.40394E-4
Dominican Republic,2018,6.92301E-4
Dominican Republic,2017,6.55146E-4
Dominican Republic,2016,6.15858E-4
Dominican Republic,2015,5.81373E-4
Dominican Republic,2014,5.42449E-4
Dominican Republic,2013,5.25136E-4
Dominican Republic,2012,5.02188E-4
Dominican Republic,2011,4.66104E-4
Dominican Republic,2010,4.1765E-4
Dominican Republic,2009,4.16451E-4
Dominican Republic,2008,3.80476E-4
Dominican Republic,2007,3.27811E-4
Dominican Republic,2006,3.09618E-4
Dominican Republic,2005,1.93177E-4
Dominican Republic,2004,1.88337E-4
Ecuador,2025,47.75417849
Ecuador,2024,43.685235104
Ecuador,2023,42.854868272
Ecuador,2022,39.491129062
Ecuador,2021,35.238383463
Ecuador,2020,39.550309699
Ecuador,2019,39.507302652
Ecuador,2018,38.400146877
Ecuador,2017,35.902221494
Ecuador,2016,35.732444743
Ecuador,2015,37.75724666
Ecuador,2014,35.497477763
Ecuador,2013,32.24978921
Ecuador,2012,29.034038351
Ecuador,2011,25.051174471
Ecuador,2010,22.08980809
Ecuador,2009,22.473732367
Ecuador,2008,18.323474031
Ecuador,2007,16.795083344
Ecuador,2006,14.805763711
Ecuador,2005,12.937014886
Ecuador,2004,12.109636407
Egypt,2025,7.803560926
Egypt,2024,8.362318619
Egypt,2023,10.067420561
Egypt,2022,8.967738982
Egypt,2021,8.105030802
Egypt,2020,6.729499687
Egypt,2019,5.545055035
Egypt,2018,5.24464659
Egypt,2017,7.020131025
Egypt,2016,6.955196682
Egypt,2015,6.453206697
Egypt,2014,6.09082027
Egypt,2013,5.894074489
Egypt,2012,4.983367687
Egypt,2011,4.624254374
Egypt,2010,3.994190635
Egypt,2009,3.43820484
Egypt,2008,2.754440927
Egypt,2007,2.268499755
Egypt,2006,1.892084671
Egypt,2005,1.663638303
Egypt,2004,1.598237288
El Salvador,2025,0.106134164
El Salvador,2024,0.103059346
El Salvador,2023,0.096918921
El Salvador,2022,0.087993899
El Salvador,2021,0.075505358
El Salvador,2020,0.081443546
El Salvador,2019,0.078837069
El Salvador,2018,0.075681084
El Salvador,2017,0.073294356
El Salvador,2016,0.071012367
El Salvador,2015,0.068452912
El Salvador,2014,0.066627448
El Salvador,2013,0.064795016
El Salvador,2012,0.061455094
El Salvador,2011,0.055892869
El Salvador,2010,0.053328778
El Salvador,2009,0.054496056
El Salvador,2008,0.05154161
El Salvador,2007,0.048475912
El Salvador,2006,0.044531491
El Salvador,2005,0.041582956
El Salvador,2004,0.041216376
Equatorial Guinea,2025,65.30277715
Equatorial Guinea,2024,48.529112354
Equatorial Guinea,2023,53.839632239
Equatorial Guinea,2022,48.050519715
Equatorial Guinea,2021,38.916809734
Equatorial Guinea,2020,44.700227172
Equatorial Guinea,2019,51.516414788
Equatorial Guinea,2018,47.991658994
Equatorial Guinea,2017,44.215135883
Equatorial Guinea,2016,51.86446493
Equatorial Guinea,2015,85.613275574
Equatorial Guinea,2014,86.334595977
Equatorial Guinea,2013,88.06338511
Equatorial Guinea,2012,84.007998464
Equatorial Guinea,2011,64.172013166
Equatorial Guinea,2010,59.111049266
Equatorial Guinea,2009,77.685177125
Equatorial Guinea,2008,51.416924616
Equatorial Guinea,2007,39.674835063
Equatorial Guinea,2006,32.322593148
Equatorial Guinea,2005,17.349511698
Equatorial Guinea,2004,12.572225913
Estonia,2025,1.749806366
Estonia,2024,1.655164621
Estonia,2023,1.53830851
Estonia,2022,1.491349465
Estonia,2021,1.275539522
Estonia,2020,1.277663122
Estonia,2019,1.251563056
Estonia,2018,1.101116745
Estonia,2017,0.984531806
Estonia,2016,0.934458272
Estonia,2015,1.084530607
Estonia,2014,1.020207765
Estonia,2013,0.931474269
Estonia,2012,0.934140318
Estonia,2011,0.782636178
Estonia,2010,0.78703067
Estonia,2009,0.975789546
Estonia,2008,0.899921588
Estonia,2007,0.682476139
Estonia,2006,0.565580689
Estonia,2005,0.486977919
Estonia,2004,0.455968867
Ethiopia,2025,0.115922555
Ethiopia,2024,0.092238694
Ethiopia,2023,0.071432614
Ethiopia,2022,0.062692651
Ethiopia,2021,0.06066191
Ethiopia,2020,0.05404375
Ethiopia,2019,0.047483052
Ethiopia,2018,0.046075333
Ethiopia,2017,0.041863888
Ethiopia,2016,0.036394063
Ethiopia,2015,0.031335748
Ethiopia,2014,0.026848311
Ethiopia,2013,0.024404235
Ethiopia,2012,0.018004381
Ethiopia,2011,0.016866753
Ethiopia,2010,0.018277453
Ethiopia,2009,0.015251357
Ethiopia,2008,0.011104625
Ethiopia,2007,0.008610287
Ethiopia,2006,0.006987654
Ethiopia,2005,0.005708607
Ethiopia,2004,0.005026394
Finland,2025,2.159358376
Finland,2024,2.17904507
Finland,2023,2.066307366
Finland,2022,2.169393424
Finland,2021,1.990790063
Finland,2020,1.968780772
Finland,2019,2.019317347
Finland,2018,1.871681831
Finland,2017,1.760580998
Finland,2016,1.719533857
Finland,2015,2.016441761
Finland,2014,1.992766106
Finland,2013,1.898203578
Finland,2012,2.028592954
Finland,2011,1.839121353
Finland,2010,1.868990577
Finland,2009,2.106543445
Finland,2008,1.890218298
Finland,2007,1.600329772
Finland,2006,1.510486153
Finland,2005,1.455916386
Finland,2004,1.399847194
France,2025,1.596576277
France,2024,1.50532685
France,2023,1.379285697
France,2022,1.463202972
France,2021,1.306101626
France,2020,1.343026608
France,2019,1.372025001
France,2018,1.276970055
France,2017,1.218539205
France,2016,1.204762626
France,2015,1.411317601
France,2014,1.389042258
France,2013,1.323404971
France,2012,1.415840739
France,2011,1.305263095
France,2010,1.331824814
France,2009,1.443655323
France,2008,1.309993399
France,2007,1.143293333
France,2006,1.081286393
France,2005,1.040662008
France,2004,1.01164548
Gambia,2025,0.002884098
Gambia,2024,0.00295367
Gambia,2023,0.002717762
Gambia,2022,0.00248284
Gambia,2021,0.002233851
Gambia,2020,0.002235625
Gambia,2019,0.002059426
Gambia,2018,0.001855092
Gambia,2017,0.001830031
Gambia,2016,0.001698869
Gambia,2015,0.001515549
Gambia,2014,0.001695705
Gambia,2013,0.001744267
Gambia,2012,0.00173772
Gambia,2011,0.00190241
Gambia,2010,0.001787581
Gambia,2009,0.00192518
Gambia,2008,0.001577482
Gambia,2007,0.001299398
Gambia,2006,0.00126684
Gambia,2005,0.001185729
Gambia,2004,0.00110764
Georgia,2025,1.097592322
Georgia,2024,1.160880333
Georgia,2023,0.9423696
Georgia,2022,0.711103043
Georgia,2021,0.603899009
Georgia,2020,0.665283949
Georgia,2019,0.675249355
Georgia,2018,0.621334417
Georgia,2017,0.582538502
Georgia,2016,0.574212135
Georgia,2015,0.677643329
Georgia,2014,0.660732247
Georgia,2013,0.63722378
Georgia,2012,0.583698015
Georgia,2011,0.468718925
Georgia,2010,0.406107393
Georgia,2009,0.482608118
Georgia,2008,0.383703278
Georgia,2007,0.292135872
Georgia,2006,0.241807199
Georgia,2005,0.193318858
Georgia,2004,0.182733676
Germany,2025,3.114869474
Germany,2024,3.175397342
Germany,2023,2.921334683
Germany,2022,3.050926986
Germany,2021,2.764546939
Germany,2020,2.776523878
Germany,2019,2.84303904
Germany,2018,2.640322156
Germany,2017,2.482236385
Germany,2016,2.402102454
Germany,2015,2.782550938
Germany,2014,2.671895809
Germany,2013,2.524418785
Germany,2012,2.683641208
Germany,2011,2.43338142
Germany,2010,2.441555488
Germany,2009,2.672386955
Germany,2008,2.44454446
Germany,2007,2.137402982
Germany,2006,2.030108694
Germany,2005,2.001292473
Germany,2004,1.978297372
Ghana,2025,5.277649734
Ghana,2024,5.081389022
Ghana,2023,4.941195266
Ghana,2022,5.291245581
Ghana,2021,4.660395297
Ghana,2020,4.546942554
Ghana,2019,4.477807902
Ghana,2018,4.019175134
Ghana,2017,3.736995844
Ghana,2016,3.287283658
Ghana,2015,3.645068925
Ghana,2014,4.180106352
Ghana,2013,2.74605839
Ghana,2012,2.617308825
Ghana,2011,2.142306712
Ghana,2010,1.733180467
Ghana,2009,1.908214562
Ghana,2008,1.651914537
Ghana,2007,1.389609133
Ghana,2006,0.71490177
Ghana,2005,0.590934988
Ghana,2004,0.559597526
Greece,2025,2.030515928
Greece,2024,1.918311271
Greece,2023,1.724375105
Greece,2022,1.719829418
Greece,2021,1.507584456
Greece,2020,1.633185638
Greece,2019,1.680399329
Greece,2018,1.57862952
Greece,2017,1.52124515
Greece,2016,1.532826015
Greece,2015,1.842791424
Greece,2014,1.863621225
Greece,2013,1.881622774
Greece,2012,2.231309763
Greece,2011,2.335222426
Greece,2010,2.574804534
Greece,2009,2.766180305
Greece,2008,2.475524217
Greece,2007,2.119794695
Greece,2006,1.90899931
Greece,2005,1.851205277
Greece,2004,1.756730651
Guatemala,2025,0.1818287
Guatemala,2024,0.16912315
Guatemala,2023,0.15484285
Guatemala,2022,0.140024635
Guatemala,2021,0.125841653
Guatemala,2020,0.124955724
Guatemala,2019,0.118731683
Guatemala,2018,0.116020188
Guatemala,2017,0.106952223
Guatemala,2016,0.100690313
Guatemala,2015,0.093672938
Guatemala,2014,0.085810684
Guatemala,2013,0.080301404
Guatemala,2012,0.075900602
Guatemala,2011,0.065862624
Guatemala,2010,0.060113845
Guatemala,2009,0.06234438
Guatemala,2008,0.054352328
Guatemala,2007,0.048161232
Guatemala,2006,0.043367077
Guatemala,2005,0.038175844
Guatemala,2004,0.037014364
Guinea,2025,0.004373569
Guinea,2024,0.005213429
Guinea,2023,0.004675878
Guinea,2022,0.004008603
Guinea,2021,0.003308665
Guinea,2020,0.003156994
Guinea,2019,0.002784569
Guinea,2018,0.002424701
Guinea,2017,0.00201872
Guinea,2016,0.002065278
Guinea,2015,0.002061584
Guinea,2014,0.001967209
Guinea,2013,0.001793759
Guinea,2012,0.001593458
Guinea,2011,0.001609505
Guinea,2010,0.001577434
Guinea,2009,0.001635505
Guinea,2008,0.001475279
Guinea,2007,9.91052E-4
Guinea,2006,0.001005718
Guinea,2005,0.001244861
Guinea,2004,0.001216396
Guinea-Bissau,2025,0.237757714
Guinea-Bissau,2024,0.235976607
Guinea-Bissau,2023,0.206975359
Guinea-Bissau,2022,0.213563601
Guinea-Bissau,2021,0.189670871
Guinea-Bissau,2020,0.183016551
Guinea-Bissau,2019,0.179041429
Guinea-Bissau,2018,0.169346491
Guinea-Bissau,2017,0.143436753
Guinea-Bissau,2016,0.132758541
Guinea-Bissau,2015,0.13078471
Guinea-Bissau,2014,0.127839202
Guinea-Bissau,2013,0.12089582
Guinea-Bissau,2012,0.133298862
Guinea-Bissau,2011,0.108304134
Guinea-Bissau,2010,0.102550335
Guinea-Bissau,2009,0.109750513
Guinea-Bissau,2008,0.086766916
Guinea-Bissau,2007,0.073129015
Guinea-Bissau,2006,0.073704357
Guinea-Bissau,2005,0.067067928
Guinea-Bissau,2004,0.066291069
Guyana,2025,1617.101853
Guyana,2024,1671.905182399
Guyana,2023,1434.058906937
Guyana,2022,783.495467359
Guyana,2021,533.081800546
Guyana,2020,504.095786928
Guyana,2019,466.474585305
Guyana,2018,462.629613384
Guyana,2017,436.763351565
Guyana,2016,416.998339786
Guyana,2015,402.170957925
Guyana,2014,406.082000538
Guyana,2013,395.879541554
Guyana,2012,359.663226279
Guyana,2011,334.479502819
Guyana,2010,308.440553687
Guyana,2009,294.753560863
Guyana,2008,266.087183049
Guyana,2007,231.873178965
Guyana,2006,80.370715823
Guyana,2005,76.75924177
Guyana,2004,75.577696261
Haiti,2025,0.001182
Haiti,2024,9.65443E-4
Haiti,2023,9.85029E-4
Haiti,2022,0.001015371
Haiti,2021,7.05606E-4
Haiti,2020,7.30306E-4
Haiti,2019,7.978E-4
Haiti,2018,7.34064E-4
Haiti,2017,6.84258E-4
Haiti,2016,7.2221E-4
Haiti,2015,7.36667E-4
Haiti,2014,7.24781E-4
Haiti,2013,6.66732E-4
Haiti,2012,6.32679E-4
Haiti,2011,5.76776E-4
Haiti,2010,5.64019E-4
Haiti,2009,5.07406E-4
Haiti,2008,4.48834E-4
Haiti,2007,3.71509E-4
Haiti,2006,3.41911E-4
Haiti,2005,2.96058E-4
Haiti,2004,3.00012E-4
Honduras,2025,0.001182
Honduras,2024,0.001053332
Honduras,2023,9.62255E-4
Honduras,2022,8.6177E-4
Honduras,2021,7.15038E-4
Honduras,2020,7.61886E-4
Honduras,2019,7.36947E-4
Honduras,2018,7.08424E-4
Honduras,2017,6.64986E-4
Honduras,2016,6.42394E-4
Honduras,2015,6.04939E-4
Honduras,2014,5.66456E-4
Honduras,2013,5.67338E-4
Honduras,2012,5.42283E-4
Honduras,2011,4.84996E-4
Honduras,2010,4.46664E-4
Honduras,2009,4.25054E-4
Honduras,2008,3.78498E-4
Honduras,2007,3.3429E-4
Honduras,2006,2.98757E-4
Honduras,2005,2.71575E-4
Honduras,2004,2.55643E-4
Hungary,2025,3.918204519
Hungary,2024,4.182890052
Hungary,2023,3.48604041
Hungary,2022,3.586561015
Hungary,2021,3.097724427
Hungary,2020,3.230287945
Hungary,2019,3.162263225
Hungary,2018,2.818515842
Hungary,2017,2.532906552
Hungary,2016,2.465236332
Hungary,2015,2.777590721
Hungary,2014,2.672225275
Hungary,2013,2.536924225
Hungary,2012,2.795473305
Hungary,2011,2.603117358
Hungary,2010,2.581335268
Hungary,2009,3.118147599
Hungary,2008,2.7609095
Hungary,2007,2.278965979
Hungary,2006,2.229631317
Hungary,2005,2.05060853
Hungary,2004,1.952874566
Iceland,2025,8.138559363
Iceland,2024,9.325264505
Iceland,2023,8.564685982
Iceland,2022,7.688004399
Iceland,2021,6.439083296
Iceland,2020,7.347460542
Iceland,2019,7.817668527
Iceland,2018,7.361434701
Iceland,2017,6.189978302
Iceland,2016,5.214749039
Iceland,2015,5.319076007
Iceland,2014,4.80031588
Iceland,2013,4.391419101
Iceland,2012,4.531368933
Iceland,2011,4.093623144
Iceland,2010,3.915975597
Iceland,2009,5.380686768
Iceland,2008,6.445796986
Iceland,2007,5.19930117
Iceland,2006,5.017007295
Iceland,2005,4.115694279
Iceland,2004,3.817813238
India,2025,0.804764424
India,2024,0.735750642
India,2023,0.691600035
India,2022,0.653199236
India,2021,0.551645416
India,2020,0.584799618
India,2019,0.557436471
India,2018,0.546823661
India,2017,0.473266127
India,2016,0.433832095
India,2015,0.420538242
India,2014,0.382919071
India,2013,0.376921782
India,2012,0.375975167
India,2011,0.345570066
India,2010,0.276743543
India,2009,0.247254122
India,2008,0.25093334
India,2007,0.193913722
India,2006,0.169191197
India,2005,0.146251566
India,2004,0.135514813
Indonesia,2025,6.556450216
Indonesia,2024,5.880216631
Indonesia,2023,5.656830411
Indonesia,2022,5.088308405
Indonesia,2021,4.541700463
Indonesia,2020,4.799222877
Indonesia,2019,4.469739995
Indonesia,2018,4.355452362
Indonesia,2017,3.996323311
Indonesia,2016,3.691743553
Indonesia,2015,3.820230299
Indonesia,2014,3.913328618
Indonesia,2013,3.93625476
Indonesia,2012,3.829467655
Indonesia,2011,3.238195335
Indonesia,2010,2.313970762
Indonesia,2009,2.188099981
Indonesia,2008,1.853548132
Indonesia,2007,1.563450526
Indonesia,2006,1.225939634
Indonesia,2005,1.101436874
Indonesia,2004,1.048679148
Iran,2025,6.556450216
Iran,2024,5.033495638
Iran,2023,4.905825232
Iran,2022,4.769894751
Iran,2021,3.261560274
Iran,2020,4.148933662
Iran,2019,4.962016134
Iran,2018,6.085199735
Iran,2017,5.710436151
Iran,2016,5.090296094
Iran,2015,5.750766216
Iran,2014,6.224911937
Iran,2013,8.01151391
Iran,2012,7.825699542
Iran,2011,6.059088443
Iran,2010,5.15084095
Iran,2009,5.051471253
Iran,2008,4.350683505
Iran,2007,3.304054877
Iran,2006,2.798597998
Iran,2005,2.335648163
Iran,2004,2.238568907
Iraq,2025,40.96255877
Iraq,2024,35.270945643
Iraq,2023,40.304349171
Iraq,2022,29.484718066
Iraq,2021,25.436144505
Iraq,2020,32.85147545
Iraq,2019,31.969993574
Iraq,2018,26.324656863
Iraq,2017,23.445814953
Iraq,2016,23.450033243
Iraq,2015,32.117493094
Iraq,2014,32.992366316
Iraq,2013,30.653184231
Iraq,2012,26.118241901
Iraq,2011,19.476826452
Iraq,2010,15.700191947
Iraq,2009,18.50619806
Iraq,2008,12.491347256
Iraq,2007,9.160303963
Iraq,2006,7.039636687
Iraq,2005,5.151047298
Iraq,2004,3.358235107
Ireland,2025,0.845424986
Ireland,2024,0.702502333
Ireland,2023,0.698903154
Ireland,2022,0.676909306
Ireland,2021,0.556192219
Ireland,2020,0.518695785
Ireland,2019,0.503835318
Ireland,2018,0.444045635
Ireland,2017,0.389517761
Ireland,2016,0.385259901
Ireland,2015,0.339898784
Ireland,2014,0.309977825
Ireland,2013,0.289553601
Ireland,2012,0.307474325
Ireland,2011,0.28282027
Ireland,2010,0.301239146
Ireland,2009,0.350932018
Ireland,2008,0.344092942
Ireland,2007,0.295809164
Ireland,2006,0.269940944
Ireland,2005,0.247638777
Ireland,2004,0.231897269
Israel,2025,12.43189322
Israel,2024,12.455064325
Israel,2023,12.731247521
Israel,2022,11.875416688
Israel,2021,9.984426306
Israel,2020,9.691534863
Israel,2019,9.097385729
Israel,2018,8.662753063
Israel,2017,7.783254235
Israel,2016,7.341031321
Israel,2015,7.616681017
Israel,2014,7.217623095
Israel,2013,6.375760259
Israel,2012,6.484594238
Israel,2011,5.793639122
Israel,2010,5.152008497
Israel,2009,5.348384959
Israel,2008,4.463672381
Israel,2007,3.849032001
Israel,2006,3.567247055
Israel,2005,3.39255009
Israel,2004,3.240898193
Italy,2025,4.948033391
Italy,2024,5.085755255
Italy,2023,4.648249542
Italy,2022,4.816696093
Italy,2021,4.216092742
Italy,2020,4.463933075
Italy,2019,4.640380893
Italy,2018,4.355871772
Italy,2017,4.171069041
Italy,2016,4.078943962
Italy,2015,4.80354484
Italy,2014,4.75927264
Italy,2013,4.637043348
Italy,2012,5.099083331
Italy,2011,4.740949297
Italy,2010,4.883601711
Italy,2009,5.343409296
Italy,2008,4.912423952
Italy,2007,4.32899459
Italy,2006,4.122155221
Italy,2005,4.006844152
Italy,2004,3.948640338
Jamaica,2025,0.035213921
Jamaica,2024,0.035998336
Jamaica,2023,0.031688188
Jamaica,2022,0.027165683
Jamaica,2021,0.025599295
Jamaica,2020,0.029340001
Jamaica,2019,0.029154714
Jamaica,2018,0.027446279
Jamaica,2017,0.026089831
Jamaica,2016,0.026297111
Jamaica,2015,0.025760159
Jamaica,2014,0.026436609
Jamaica,2013,0.02744276
Jamaica,2012,0.026771059
Jamaica,2011,0.024502347
Jamaica,2010,0.022463489
Jamaica,2009,0.025408362
Jamaica,2008,0.023722179
Jamaica,2007,0.022110835
Jamaica,2006,0.020838854
Jamaica,2005,0.018857247
Jamaica,2004,0.01861089
Japan,2025,1.451914655
Japan,2024,1.487527284
Japan,2023,1.505896317
Japan,2022,1.781223076
Japan,2021,1.788642156
Japan,2020,1.810718961
Japan,2019,1.783437833
Japan,2018,1.744506238
Japan,2017,1.770276661
Japan,2016,1.572593739
Japan,2015,1.732530279
Japan,2014,1.844095975
Japan,2013,2.219129224
Japan,2012,2.205256925
Japan,2011,2.03752982
Japan,2010,1.871394793
Japan,2009,1.80671754
Japan,2008,1.620292373
Japan,2007,1.62804402
Japan,2006,1.709349635
Japan,2005,1.731161093
Japan,2004,1.694125548
Jordan,2025,0.081112136
Jordan,2024,0.069660191
Jordan,2023,0.066649891
Jordan,2022,0.063275553
Jordan,2021,0.059727837
Jordan,2020,0.060824828
Jordan,2019,0.059277459
Jordan,2018,0.056868652
Jordan,2017,0.054523453
Jordan,2016,0.052739105
Jordan,2015,0.050361802
Jordan,2014,0.047090872
Jordan,2013,0.043236782
Jordan,2012,0.040352359
Jordan,2011,0.037085337
Jordan,2010,0.033537332
Jordan,2009,0.030968975
Jordan,2008,0.023385822
Jordan,2007,0.020579246
Jordan,2006,0.017206111
Jordan,2005,0.015597038
Jordan,2004,0.014366251
Kazakhstan,2025,44.30705118
Kazakhstan,2024,34.75493433
Kazakhstan,2023,29.839472254
Kazakhstan,2022,26.083469573
Kazakhstan,2021,22.638967397
Kazakhstan,2020,24.03966104
Kazakhstan,2019,23.731733397
Kazakhstan,2018,22.073132157
Kazakhstan,2017,18.165746054
Kazakhstan,2016,24.399725982
Kazakhstan,2015,29.299573335
Kazakhstan,2014,31.313475702
Kazakhstan,2013,27.524126323
Kazakhstan,2012,25.489845418
Kazakhstan,2011,19.59078808
Kazakhstan,2010,15.258628562
Kazakhstan,2009,17.658135207
Kazakhstan,2008,13.874608267
Kazakhstan,2007,10.719092894
Kazakhstan,2006,7.55907075
Kazakhstan,2005,5.710178333
Kazakhstan,2004,5.210016728
Kenya,2025,0.548538802
Kenya,2024,0.545307729
Kenya,2023,0.57766107
Kenya,2022,0.553711522
Kenya,2021,0.508053438
Kenya,2020,0.506640188
Kenya,2019,0.465378221
Kenya,2018,0.414064768
Kenya,2017,0.377616198
Kenya,2016,0.353920544
Kenya,2015,0.344660471
Kenya,2014,0.311275679
Kenya,2013,0.284652384
Kenya,2012,0.23656537
Kenya,2011,0.229176805
Kenya,2010,0.213740087
Kenya,2009,0.181174433
Kenya,2008,0.161303333
Kenya,2007,0.130349702
Kenya,2006,0.094576211
Kenya,2005,0.081238365
Kenya,2004,0.077293094
Kiribati,2025,0.001182
Kiribati,2024,9.69189E-4
Kiribati,2023,9.40145E-4
Kiribati,2022,0.001004354
Kiribati,2021,7.74506E-4
Kiribati,2020,7.53199E-4
Kiribati,2019,8.10575E-4
Kiribati,2018,7.73645E-4
Kiribati,2017,7.1669E-4
Kiribati,2016,6.6494E-4
Kiribati,2015,6.95236E-4
Kiribati,2014,7.00247E-4
Kiribati,2013,7.18543E-4
Kiribati,2012,6.80251E-4
Kiribati,2011,5.74339E-4
Kiribati,2010,4.86583E-4
Kiribati,2009,5.10328E-4
Kiribati,2008,4.79216E-4
Kiribati,2007,3.89949E-4
Kiribati,2006,3.95354E-4
Kiribati,2005,3.61302E-4
Kiribati,2004,3.63516E-4
Kuwait,2025,366.9908308
Kuwait,2024,457.914174015
Kuwait,2023,514.515336541
Kuwait,2022,415.26819804
Kuwait,2021,310.614089084
Kuwait,2020,394.001153877
Kuwait,2019,387.81936148
Kuwait,2018,337.587403157
Kuwait,2017,306.032290014
Kuwait,2016,320.518942881
Kuwait,2015,454.963137379
Kuwait,2014,487.181184822
Kuwait,2013,486.845521884
Kuwait,2012,430.876524554
Kuwait,2011,322.84061152
Kuwait,2010,296.41554691
Kuwait,2009,412.250028818
Kuwait,2008,320.653208059
Kuwait,2007,284.074339645
Kuwait,2006,226.009211579
Kuwait,2005,166.262497037
Kuwait,2004,150.818257899
Kyrgyz Republic,2025,366.9908308
Kyrgyz Republic,2024,407.075357924
Kyrgyz Republic,2023,353.157191459
Kyrgyz Republic,2022,269.1731962
Kyrgyz Republic,2021,240.691559222
Kyrgyz Republic,2020,272.727817548
Kyrgyz Republic,2019,240.710115607
Kyrgyz Republic,2018,224.174993652
Kyrgyz Republic,2017,198.278311235
Kyrgyz Republic,2016,194.351859991
Kyrgyz Republic,2015,217.340672954
Kyrgyz Republic,2014,213.468039709
Kyrgyz Republic,2013,192.226367554
Kyrgyz Republic,2012,180.370669186
Kyrgyz Republic,2011,139.528058946
Kyrgyz Republic,2010,136.492651061
Kyrgyz Republic,2009,149.585807273
Kyrgyz Republic,2008,110.664422801
Kyrgyz Republic,2007,82.481484525
Kyrgyz Republic,2006,71.599404801
Kyrgyz Republic,2005,64.361251144
Kyrgyz Republic,2004,60.135633012
Laos,2025,0.099949445
Laos,2024,0.095616194
Laos,2023,0.093356803
Laos,2022,0.113625108
Laos,2021,0.114558488
Laos,2020,0.113102541
Laos,2019,0.109487952
Laos,2018,0.103027385
Laos,2017,0.096034709
Laos,2016,0.087065707
Laos,2015,0.080142553
Laos,2014,0.072321009
Laos,2013,0.061515596
Laos,2012,0.0528084
Laos,2011,0.043041476
Laos,2010,0.035222101
Laos,2009,0.032870169
Laos,2008,0.02548746
Laos,2007,0.020851706
Laos,2006,0.016509572
Laos,2005,0.014281623
Laos,2004,0.013427917
Latvia,2025,0.305752818
Latvia,2024,0.31005631
Latvia,2023,0.279020154
Latvia,2022,0.28024004
Latvia,2021,0.244974765
Latvia,2020,0.242916741
Latvia,2019,0.244006078
Latvia,2018,0.215700528
Latvia,2017,0.19901201
Latvia,2016,0.193342357
Latvia,2015,0.222203925
Latvia,2014,0.213947012
Latvia,2013,0.199005
Latvia,2012,0.19503753
Latvia,2011,0.172233667
Latvia,2010,0.18854974
Latvia,2009,0.250517706
Latvia,2008,0.215916583
Latvia,2007,0.149971574
Latvia,2006,0.119676347
Latvia,2005,0.101476653
Latvia,2004,0.093333199
Lebanon,2025,0.004822644
Lebanon,2024,0.005854949
Lebanon,2023,0.002668692
Lebanon,2022,0.002940682
Lebanon,2021,0.004031451
Lebanon,2020,0.006560483
Lebanon,2019,0.006979436
Lebanon,2018,0.006741222
Lebanon,2017,0.006502176
Lebanon,2016,0.00634734
Lebanon,2015,0.006114174
Lebanon,2014,0.005959702
Lebanon,2013,0.0055957
Lebanon,2012,0.005075794
Lebanon,2011,0.004887238
Lebanon,2010,0.004500224
Lebanon,2009,0.003701785
Lebanon,2008,0.003156214
Lebanon,2007,0.002799669
Lebanon,2006,0.00273288
Lebanon,2005,0.002689974
Lebanon,2004,0.002521549
Lesotho,2025,0.001182
Lesotho,2024,0.001278762
Lesotho,2023,0.001421687
Lesotho,2022,0.001456372
Lesotho,2021,0.001239962
Lesotho,2020,0.001443434
Lesotho,2019,0.001543386
Lesotho,2018,0.001392742
Lesotho,2017,0.001276627
Lesotho,2016,0.001424708
Lesotho,2015,0.001473841
Lesotho,2014,0.001429192
Lesotho,2013,0.001495962
Lesotho,2012,0.00155737
Lesotho,2011,0.001349278
Lesotho,2010,0.0010511
Lesotho,2009,0.001066803
Lesotho,2008,0.001015621
Lesotho,2007,0.001086842
Lesotho,2006,0.001015749
Lesotho,2005,9.12439E-4
Lesotho,2004,8.97255E-4
Liberia,2025,0.004002351
Liberia,2024,0.003449333
Liberia,2023,0.003254939
Liberia,2022,0.002857943
Liberia,2021,0.002583848
Liberia,2020,0.002700565
Liberia,2019,0.002784486
Liberia,2018,0.002758412
Liberia,2017,0.002764689
Liberia,2016,0.002625297
Liberia,2015,0.002624139
Liberia,2014,0.00258472
Liberia,2013,0.002271039
Liberia,2012,0.001950826
Liberia,2011,0.001625417
Liberia,2010,0.001438307
Liberia,2009,0.001404139
Liberia,2008,0.001116966
Liberia,2007,9.10331E-4
Liberia,2006,7.72032E-4
Liberia,2005,7.29729E-4
Liberia,2004,7.11099E-4
Libya,2025,51.84407425
Libya,2024,39.828713035
Libya,2023,38.194667081
Libya,2022,31.104156509
Libya,2021,41.38120301
Libya,2020,61.164829447
Libya,2019,67.728280053
Libya,2018,59.312742394
Libya,2017,44.081808847
Libya,2016,43.026775317
Libya,2015,50.6706499
Libya,2014,66.549290585
Libya,2013,81.73116528
Libya,2012,42.542577364
Libya,2011,66.575537234
Libya,2010,53.705470622
Libya,2009,76.582020957
Libya,2008,60.085997762
Libya,2007,53.074581641
Libya,2006,41.805492267
Libya,2005,29.253267356
Libya,2004,28.003837233
Lithuania,2025,1.888366339
Lithuania,2024,1.96598744
Lithuania,2023,1.750243631
Lithuania,2022,1.651770066
Lithuania,2021,1.414607345
Lithuania,2020,1.358183436
Lithuania,2019,1.336986736
Lithuania,2018,1.176705645
Lithuania,2017,1.058780337
Lithuania,2016,1.023550832
Lithuania,2015,1.190252035
Lithuania,2014,1.140901801
Lithuania,2013,1.052340118
Lithuania,2012,1.064096387
Lithuania,2011,0.902747352
Lithuania,2010,0.923845012
Lithuania,2009,1.178541039
Lithuania,2008,0.978908799
Lithuania,2007,0.742049726
Lithuania,2006,0.643220807
Lithuania,2005,0.560381555
Lithuania,2004,0.5261698
Luxembourg,2025,0.001182
Luxembourg,2024,0.001171849
Luxembourg,2023,0.001115642
Luxembourg,2022,0.001169514
Luxembourg,2021,0.001007108
Luxembourg,2020,9.55059E-4
Luxembourg,2019,9.70226E-4
Luxembourg,2018,8.97962E-4
Luxembourg,2017,8.50199E-4
Luxembourg,2016,8.20883E-4
Luxembourg,2015,9.40223E-4
Luxembourg,2014,8.91008E-4
Luxembourg,2013,8.16849E-4
Luxembourg,2012,8.43085E-4
Luxembourg,2011,7.68169E-4
Luxembourg,2010,7.443E-4
Luxembourg,2009,8.04112E-4
Luxembourg,2008,7.04946E-4
Luxembourg,2007,5.86371E-4
Luxembourg,2006,5.14795E-4
Luxembourg,2005,4.79164E-4
Luxembourg,2004,4.5971E-4
Madagascar,2025,0.049949285
Madagascar,2024,0.053963953
Madagascar,2023,0.051724028
Madagascar,2022,0.049742016
Madagascar,2021,0.044604326
Madagascar,2020,0.0482038
Madagascar,2019,0.047025995
Madagascar,2018,0.045031087
Madagascar,2017,0.040493569
Madagascar,2016,0.038697313
Madagascar,2015,0.042798191
Madagascar,2014,0.042458477
Madagascar,2013,0.039572057
Madagascar,2012,0.039479252
Madagascar,2011,0.034116701
Madagascar,2010,0.032866441
Madagascar,2009,0.036654001
Madagascar,2008,0.029133562
Madagascar,2007,0.02185785
Madagascar,2006,0.020024515
Madagascar,2005,0.017309122
Madagascar,2004,0.016444627
Malawi,2025,0.001182
Malawi,2024,0.001080247
Malawi,2023,0.00105619
Malawi,2022,0.001051862
Malawi,2021,0.001000127
Malawi,2020,9.3916E-4
Malawi,2019,8.39512E-4
Malawi,2018,7.6E-4
Malawi,2017,6.72161E-4
Malawi,2016,7.83448E-4
Malawi,2015,7.47915E-4
Malawi,2014,6.82503E-4
Malawi,2013,7.45525E-4
Malawi,2012,9.8983E-4
Malawi,2011,8.60679E-4
Malawi,2010,7.65638E-4
Malawi,2009,6.58033E-4
Malawi,2008,5.48208E-4
Malawi,2007,4.94423E-4
Malawi,2006,4.52115E-4
Malawi,2005,4.29878E-4
Malawi,2004,4.07774E-4
Malaysia,2025,22.95857849
Malaysia,2024,25.332861017
Malaysia,2023,25.833617662
Malaysia,2022,23.690080072
Malaysia,2021,21.387588215
Malaysia,2020,23.144577927
Malaysia,2019,22.73965017
Malaysia,2018,20.224775638
Malaysia,2017,19.093272235
Malaysia,2016,19.099546745
Malaysia,2015,21.42624934
Malaysia,2014,20.488875491
Malaysia,2013,19.929049716
Malaysia,2012,18.883868367
Malaysia,2011,16.162758912
Malaysia,2010,12.81882506
Malaysia,2009,14.628609392
Malaysia,2008,12.266985026
Malaysia,2007,10.3112391
Malaysia,2006,9.09702624
Malaysia,2005,7.906453707
Malaysia,2004,7.404194766
Maldives,2025,0.002344317
Maldives,2024,0.002216919
Maldives,2023,0.002077741
Maldives,2022,0.001766721
Maldives,2021,0.001248775
Maldives,2020,0.001926034
Maldives,2019,0.00181781
Maldives,2018,0.001620057
Maldives,2017,0.001483332
Maldives,2016,0.001389004
Maldives,2015,0.001243645
Maldives,2014,0.001108312
Maldives,2013,9.70793E-4
Maldives,2012,9.33183E-4
Maldives,2011,8.70561E-4
Maldives,2010,7.88865E-4
Maldives,2009,7.64093E-4
Maldives,2008,6.28451E-4
Maldives,2007,5.29836E-4
Maldives,2006,3.9131E-4
Maldives,2005,4.12657E-4
Maldives,2004,3.89975E-4
Mali,2025,0.007153687
Mali,2024,0.006137163
Mali,2023,0.00557831
Mali,2022,0.005735481
Mali,2021,0.005187737
Mali,2020,0.005132745
Mali,2019,0.005070552
Mali,2018,0.004564071
Mali,2017,0.004166151
Mali,2016,0.003892502
Mali,2015,0.004266811
Mali,2014,0.00393347
Mali,2013,0.003695652
Mali,2012,0.003859932
Mali,2011,0.003174999
Mali,2010,0.003039195
Mali,2009,0.002922296
Mali,2008,0.002422712
Mali,2007,0.002051266
Mali,2006,0.001855697
Mali,2005,0.001620073
Mali,2004,0.001595188
Malta,2025,1.903720444
Malta,2024,1.930420741
Malta,2023,1.660797227
Malta,2022,1.704766955
Malta,2021,1.416643315
Malta,2020,1.412482586
Malta,2019,1.396573669
Malta,2018,1.224319786
Malta,2017,1.039688058
Malta,2016,0.980467495
Malta,2015,1.027778897
Malta,2014,0.933434948
Malta,2013,0.8307913
Malta,2012,0.846338455
Malta,2011,0.786484199
Malta,2010,0.755161338
Malta,2009,0.789802267
Malta,2008,0.683721598
Malta,2007,0.583556877
Malta,2006,0.552726602
Malta,2005,0.527732889
Malta,2004,0.525592887
Mauritania,2025,3.90405078
Mauritania,2024,3.113399309
Mauritania,2023,2.793708105
Mauritania,2022,2.695664821
Mauritania,2021,2.414543974
Mauritania,2020,2.307569104
Mauritania,2019,2.184451926
Mauritania,2018,1.98761885
Mauritania,2017,1.870296641
Mauritania,2016,1.802519113
Mauritania,2015,1.926939779
Mauritania,2014,2.111239022
Mauritania,2013,1.966595213
Mauritania,2012,1.977240135
Mauritania,2011,1.645270884
Mauritania,2010,1.378034075
Mauritania,2009,1.521794985
Mauritania,2008,1.270358965
Mauritania,2007,1.145657353
Mauritania,2006,0.858172225
Mauritania,2005,0.6905379
Mauritania,2004,0.659333254
Mauritius,2025,0.033081076
Mauritius,2024,0.031690523
Mauritius,2023,0.027975945
Mauritius,2022,0.024851951
Mauritius,2021,0.024686964
Mauritius,2020,0.031240029
Mauritius,2019,0.031887816
Mauritius,2018,0.029675813
Mauritius,2017,0.027253556
Mauritius,2016,0.02598359
Mauritius,2015,0.028292213
Mauritius,2014,0.026601804
Mauritius,2013,0.025250877
Mauritius,2012,0.024925667
Mauritius,2011,0.021647787
Mauritius,2010,0.019754674
Mauritius,2009,0.021618976
Mauritius,2008,0.017636798
Mauritius,2007,0.015210236
Mauritius,2006,0.014230596
Mauritius,2005,0.01442819
Mauritius,2004,0.013829375
Mexico,2025,37.880823
Mexico,2024,31.03781726
Mexico,2023,25.403125683
Mexico,2022,22.840104336
Mexico,2021,19.448360032
Mexico,2020,22.62394591
Mexico,2019,21.794529025
Mexico,2018,20.656834833
Mexico,2017,19.295175529
Mexico,2016,21.048383444
Mexico,2015,23.671776486
Mexico,2014,23.028679144
Mexico,2013,21.773884681
Mexico,2012,21.321096965
Mexico,2011,19.177034366
Mexico,2010,16.366922773
Mexico,2009,20.150788178
Mexico,2008,19.12394891
Mexico,2007,17.699836128
Mexico,2006,15.918211881
Mexico,2005,14.216129077
Mexico,2004,13.726711284
Micronesia,2025,37.880823
Micronesia,2024,38.156347762
Micronesia,2023,35.667890299
Micronesia,2022,32.349947016
Micronesia,2021,30.856872538
Micronesia,2020,32.681741344
Micronesia,2019,32.51584418
Micronesia,2018,29.778540971
Micronesia,2017,26.95828918
Micronesia,2016,26.252388451
Micronesia,2015,26.483093342
Micronesia,2014,26.312484699
Micronesia,2013,27.144815656
Micronesia,2012,25.822026323
Micronesia,2011,24.631092055
Micronesia,2010,23.249210152
Micronesia,2009,21.827512929
Micronesia,2008,21.300134139
Micronesia,2007,21.030941106
Micronesia,2006,20.760528728
Micronesia,2005,19.927235567
Micronesia,2004,20.560531402
Moldova,2025,0.337921821
Moldova,2024,0.296298835
Moldova,2023,0.259950904
Moldova,2022,0.245285558
Moldova,2021,0.206569714
Moldova,2020,0.21026105
Moldova,2019,0.201582394
Moldova,2018,0.170447574
Moldova,2017,0.142975634
Moldova,2016,0.13969277
Moldova,2015,0.168435506
Moldova,2014,0.170130732
Moldova,2013,0.156021496
Moldova,2012,0.150740486
Moldova,2011,0.124954629
Moldova,2010,0.097445765
Moldova,2009,0.108470284
Moldova,2008,0.078845641
Moldova,2007,0.061057831
Moldova,2006,0.053535229
Moldova,2005,0.046546829
Moldova,2004,0.043339691
Monaco,2025,0.054762638
Monaco,2024,0.053949599
Monaco,2023,0.047500054
Monaco,2022,0.046543689
Monaco,2021,0.036328943
Monaco,2020,0.039852195
Monaco,2019,0.038777223
Monaco,2018,0.034707103
Monaco,2017,0.034928594
Monaco,2016,0.033813832
Monaco,2015,0.038160202
Monaco,2014,0.035383606
Monaco,2013,0.030996314
Monaco,2012,0.032863517
Monaco,2011,0.028971249
Monaco,2010,0.029547795
Monaco,2009,0.035099432
Monaco,2008,0.031714401
Monaco,2007,0.024757256
Monaco,2006,0.022694485
Monaco,2005,0.021824945
Monaco,2004,0.021298763
Mongolia,2025,0.587051862
Mongolia,2024,0.45193691
Mongolia,2023,0.381258409
Mongolia,2022,0.339899925
Mongolia,2021,0.296019274
Mongolia,2020,0.315883869
Mongolia,2019,0.293020016
Mongolia,2018,0.255281075
Mongolia,2017,0.248621642
Mongolia,2016,0.258372791
Mongolia,2015,0.271861267
Mongolia,2014,0.279768347
Mongolia,2013,0.273334494
Mongolia,2012,0.231465858
Mongolia,2011,0.159860904
Mongolia,2010,0.10192368
Mongolia,2009,0.125034389
Mongolia,2008,0.094166851
Mongolia,2007,0.075912844
Mongolia,2006,0.056110364
Mongolia,2005,0.044294373
Mongolia,2004,0.040039965
Montenegro,2025,0.06982459
Montenegro,2024,0.058571262
Montenegro,2023,0.048453996
Montenegro,2022,0.045588865
Montenegro,2021,0.037099963
Montenegro,2020,0.043104852
Montenegro,2019,0.042831759
Montenegro,2018,0.037773539
Montenegro,2017,0.034042782
Montenegro,2016,0.031536779
Montenegro,2015,0.035729958
Montenegro,2014,0.034733774
Montenegro,2013,0.03179186
Montenegro,2012,0.035345543
Montenegro,2011,0.032223197
Montenegro,2010,0.032350337
Montenegro,2009,0.035355235
Montenegro,2008,0.028627748
Montenegro,2007,0.021170351
Montenegro,2006,0.017555796
Montenegro,2005,0.016125151
Montenegro,2004,0.015441694
Morocco,2025,0.188997048
Morocco,2024,0.162691457
Morocco,2023,0.147522603
Morocco,2022,0.159993395
Morocco,2021,0.136710076
Morocco,2020,0.145233474
Morocco,2019,0.143454668
Morocco,2018,0.133541121
Morocco,2017,0.125691393
Morocco,2016,0.124385734
Morocco,2015,0.134205779
Morocco,2014,0.130384557
Morocco,2013,0.120468756
Morocco,2012,0.124010596
Morocco,2011,0.113628408
Morocco,2010,0.113955105
Morocco,2009,0.114707633
Morocco,2008,0.09795026
Morocco,2007,0.085486125
Morocco,2006,0.07756524
Morocco,2005,0.074480197
Morocco,2004,0.071224265
Mozambique,2025,3.814719215
Mozambique,2024,3.758627531
Mozambique,2023,3.387200625
Mozambique,2022,2.900117283
Mozambique,2021,2.553454133
Mozambique,2020,2.782574608
Mozambique,2019,2.693713064
Mozambique,2018,2.379322217
Mozambique,2017,2.164865412
Mozambique,2016,2.907459085
Mozambique,2015,3.224817216
Mozambique,2014,3.084874924
Mozambique,2013,2.993401917
Mozambique,2012,2.622308331
Mozambique,2011,2.046989087
Mozambique,2010,2.199815141
Mozambique,2009,2.317564051
Mozambique,2008,1.93928642
Mozambique,2007,1.705810476
Mozambique,2006,1.59077289
Mozambique,2005,1.423731634
Mozambique,2004,1.315776088
Myanmar,2025,1.75217518
Myanmar,2024,1.654629128
Myanmar,2023,1.54298058
Myanmar,2022,1.644409326
Myanmar,2021,1.958215689
Myanmar,2020,1.860535368
Myanmar,2019,1.681965116
Myanmar,2018,1.637165711
Myanmar,2017,1.56888929
Myanmar,2016,1.477403784
Myanmar,2015,1.624235888
Myanmar,2014,1.493822833
Myanmar,2013,1.485595587
Myanmar,2012,1.486575349
Myanmar,2011,1.227899886
Myanmar,2010,0.914742671
Myanmar,2009,0.78973323
Myanmar,2008,0.500235263
Myanmar,2007,0.359454818
Myanmar,2006,0.29710457
Myanmar,2005,0.261918446
Myanmar,2004,0.230633757
Namibia,2025,28.2017669
Namibia,2024,28.054220607
Namibia,2023,28.545403421
Namibia,2022,28.171109815
Namibia,2021,24.040014075
Namibia,2020,28.487839798
Namibia,2019,31.07745142
Namibia,2018,29.290158142
Namibia,2017,24.354082129
Namibia,2016,25.746778744
Namibia,2015,28.245940874
Namibia,2014,27.355267871
Namibia,2013,29.62382852
Namibia,2012,28.445662331
Namibia,2011,25.965404828
Namibia,2010,20.303771521
Namibia,2009,19.550991174
Namibia,2008,20.078196345
Namibia,2007,18.175308329
Namibia,2006,16.464018626
Namibia,2005,15.012205223
Namibia,2004,13.371573572
Nepal,2025,0.001182
Nepal,2024,9.98579E-4
Nepal,2023,0.001005289
Nepal,2022,9.01347E-4
Nepal,2021,8.16126E-4
Nepal,2020,8.34496E-4
Nepal,2019,8.08263E-4
Nepal,2018,7.07206E-4
Nepal,2017,5.98641E-4
Nepal,2016,5.94655E-4
Nepal,2015,5.54886E-4
Nepal,2014,5.40987E-4
Nepal,2013,5.2978E-4
Nepal,2012,5.26625E-4
Nepal,2011,3.9063E-4
Nepal,2010,3.13794E-4
Nepal,2009,3.06238E-4
Nepal,2008,2.52052E-4
Nepal,2007,2.2076E-4
Nepal,2006,1.98462E-4
Nepal,2005,1.77559E-4
Nepal,2004,1.69617E-4
Netherlands,2025,19.0071873
Netherlands,2024,21.11188987
Netherlands,2023,19.139988587
Netherlands,2022,19.285018981
Netherlands,2021,17.05544642
Netherlands,2020,16.988545892
Netherlands,2019,17.003743907
Netherlands,2018,15.513204539
Netherlands,2017,14.579194165
Netherlands,2016,14.187447499
Netherlands,2015,16.48841964
Netherlands,2014,16.166444848
Netherlands,2013,15.466659476
Netherlands,2012,16.700277407
Netherlands,2011,15.590584565
Netherlands,2010,16.075037292
Netherlands,2009,17.518903574
Netherlands,2008,15.609495211
Netherlands,2007,13.489728765
Netherlands,2006,12.585163401
Netherlands,2005,12.093029366
Netherlands,2004,11.854015661
New Caledonia,2025,0.022433574
New Caledonia,2024,0.022617181
New Caledonia,2023,0.020663037
New Caledonia,2022,0.021625042
New Caledonia,2021,0.02030083
New Caledonia,2020,0.020345976
New Caledonia,2019,0.021249398
New Caledonia,2018,0.019698371
New Caledonia,2017,0.018733256
New Caledonia,2016,0.018762531
New Caledonia,2015,0.022835379
New Caledonia,2014,0.021796888
New Caledonia,2013,0.020739977
New Caledonia,2012,0.022226464
New Caledonia,2011,0.020106983
New Caledonia,2010,0.018690031
New Caledonia,2009,0.019469849
New Caledonia,2008,0.018937986
New Caledonia,2007,0.014985531
New Caledonia,2006,0.013395486
New Caledonia,2005,0.012657669
New Caledonia,2004,0.011628596
New Zealand,2025,9.452687651
New Zealand,2024,9.49579451
New Zealand,2023,9.290873686
New Zealand,2022,9.551072674
New Zealand,2021,8.009233633
New Zealand,2020,8.014844291
New Zealand,2019,7.977188866
New Zealand,2018,7.778368221
New Zealand,2017,7.113034513
New Zealand,2016,6.706581853
New Zealand,2015,7.581468002
New Zealand,2014,7.188797228
New Zealand,2013,6.635300133
New Zealand,2012,6.337219787
New Zealand,2011,5.517197592
New Zealand,2010,4.57038958
New Zealand,2009,5.013104414
New Zealand,2008,5.16591013
New Zealand,2007,4.200048473
New Zealand,2006,4.319830381
New Zealand,2005,3.912586957
New Zealand,2004,3.75891284
Nicaragua,2025,0.044424736
Nicaragua,2024,0.039913209
Nicaragua,2023,0.035034492
Nicaragua,2022,0.031663466
Nicaragua,2021,0.028389474
Nicaragua,2020,0.028428559
Nicaragua,2019,0.029158817
Nicaragua,2018,0.030861727
Nicaragua,2017,0.029742803
Nicaragua,2016,0.028557632
Nicaragua,2015,0.02659602
Nicaragua,2014,0.024586886
Nicaragua,2013,0.023577317
Nicaragua,2012,0.021881188
Nicaragua,2011,0.019607294
Nicaragua,2010,0.018577777
Nicaragua,2009,0.019021612
Nicaragua,2008,0.016618367
Nicaragua,2007,0.015141467
Nicaragua,2006,0.014151172
Nicaragua,2005,0.012968294
Nicaragua,2004,0.012314145
Niger,2025,0.619024161
Niger,2024,0.556911003
Niger,2023,0.511040805
Niger,2022,0.4938608
Niger,2021,0.455108567
Niger,2020,0.42679485
Niger,2019,0.425064828
Niger,2018,0.370357602
Niger,2017,0.344323799
Niger,2016,0.320649144
Niger,2015,0.359690319
Niger,2014,0.33856354
Niger,2013,0.312140923
Niger,2012,0.290487146
Niger,2011,0.25996618
Niger,2010,0.243441425
Niger,2009,0.241635809
Niger,2008,0.189779104
Niger,2007,0.157491116
Niger,2006,0.145138959
Niger,2005,0.124514613
Niger,2004,0.124063269
Nigeria,2025,5.1247398
Nigeria,2024,4.079094754
Nigeria,2023,5.352187664
Nigeria,2022,4.942210871
Nigeria,2021,4.845403477
Nigeria,2020,5.319832581
Nigeria,2019,4.728135921
Nigeria,2018,4.212506218
Nigeria,2017,4.536539121
Nigeria,2016,5.527349068
Nigeria,2015,6.437204042
Nigeria,2014,5.831056342
Nigeria,2013,5.201600875
Nigeria,2012,4.646609184
Nigeria,2011,4.114342287
Nigeria,2010,3.307359883
Nigeria,2009,3.805881528
Nigeria,2008,3.119597262
Nigeria,2007,2.673330309
Nigeria,2006,1.969455908
Nigeria,2005,1.522067851
Nigeria,2004,1.393189999
North Macedonia,2025,0.001182
North Macedonia,2024,0.001189798
North Macedonia,2023,0.001051585
North Macedonia,2022,0.001056706
North Macedonia,2021,9.3298E-4
North Macedonia,2020,9.51494E-4
North Macedonia,2019,9.57286E-4
North Macedonia,2018,8.53429E-4
North Macedonia,2017,8.05531E-4
North Macedonia,2016,7.59644E-4
North Macedonia,2015,8.57595E-4
North Macedonia,2014,8.16493E-4
North Macedonia,2013,7.35547E-4
North Macedonia,2012,7.92108E-4
North Macedonia,2011,7.10029E-4
North Macedonia,2010,7.09619E-4
North Macedonia,2009,7.47948E-4
North Macedonia,2008,6.29216E-4
North Macedonia,2007,5.17868E-4
North Macedonia,2006,4.72383E-4
North Macedonia,2005,4.28922E-4
North Macedonia,2004,4.09769E-4
Norway,2025,672.063371
Norway,2024,636.17448912
Norway,2023,778.292622463
Norway,2022,659.84467741
Norway,2021,481.915175954
Norway,2020,535.804606129
Norway,2019,576.50154724
Norway,2018,526.631212004
Norway,2017,486.272472617
Norway,2016,508.823186973
Norway,2015,657.705354852
Norway,2014,689.530399503
Norway,2013,672.178553546
Norway,2012,657.213782566
Norway,2011,565.048568601
Norway,2010,508.581988834
Norway,2009,609.442133236
Norway,2008,527.808363737
Norway,2007,454.756790768
Norway,2006,406.338887753
Norway,2005,347.73036372
Norway,2004,334.309225609
Oman,2025,303.0434378
Oman,2024,284.330031571
Oman,2023,292.516758914
Oman,2022,228.182610191
Oman,2021,198.356310466
Oman,2020,230.108597555
Oman,2019,239.110583662
Oman,2018,211.283668134
Oman,2017,196.316150245
Oman,2016,205.676285728
Oman,2015,242.228590019
Oman,2014,235.008516005
Oman,2013,228.404839502
Oman,2012,202.50595014
Oman,2011,169.832124988
Oman,2010,144.905064115
Oman,2009,182.404051678
Oman,2008,126.211977159
Oman,2007,111.258051276
Oman,2006,92.781756831
Oman,2005,74.155950309
Oman,2004,72.707247418
Pakistan,2025,0.841926338
Pakistan,2024,0.760167194
Pakistan,2023,0.843352943
Pakistan,2022,0.784024214
Pakistan,2021,0.675838649
Pakistan,2020,0.721917228
Pakistan,2019,0.801145927
Pakistan,2018,0.763078178
Pakistan,2017,0.705542381
Pakistan,2016,0.674799333
Pakistan,2015,0.610519233
Pakistan,2014,0.581875062
Pakistan,2013,0.562640973
Pakistan,2012,0.51872876
Pakistan,2011,0.442519025
Pakistan,2010,0.421435764
Pakistan,2009,0.454878333
Pakistan,2008,0.414243789
Pakistan,2007,0.364145174
Pakistan,2006,0.326662321
Pakistan,2005,0.297433254
Pakistan,2004,0.275832135
Panama,2025,0.001182
Panama,2024,0.001062808
Panama,2023,9.72979E-4
Panama,2022,8.59709E-4
Panama,2021,7.27856E-4
Panama,2020,8.90102E-4
Panama,2019,8.5869E-4
Panama,2018,8.20565E-4
Panama,2017,7.6231E-4
Panama,2016,7.11375E-4
Panama,2015,6.56005E-4
Panama,2014,5.98888E-4
Panama,2013,5.30592E-4
Panama,2012,4.55233E-4
Panama,2011,3.85627E-4
Panama,2010,3.54505E-4
Panama,2009,3.28102E-4
Panama,2008,2.77028E-4
Panama,2007,2.38024E-4
Panama,2006,2.12055E-4
Panama,2005,1.92618E-4
Panama,2004,1.78061E-4
Papua New Guinea,2025,9.005404775
Papua New Guinea,2024,7.936849916
Papua New Guinea,2023,8.173962976
Papua New Guinea,2022,6.743625187
Papua New Guinea,2021,6.159655538
Papua New Guinea,2020,6.392673088
Papua New Guinea,2019,6.227153448
Papua New Guinea,2018,5.874059124
Papua New Guinea,2017,5.361671006
Papua New Guinea,2016,5.61080075
Papua New Guinea,2015,5.99496795
Papua New Guinea,2014,5.491448315
Papua New Guinea,2013,5.500186194
Papua New Guinea,2012,4.645260605
Papua New Guinea,2011,3.680740047
Papua New Guinea,2010,3.001111423
Papua New Guinea,2009,3.014396573
Papua New Guinea,2008,2.465321465
Papua New Guinea,2007,2.157933899
Papua New Guinea,2006,1.256778839
Papua New Guinea,2005,1.014319249
Papua New Guinea,2004,0.987449025
Paraguay,2025,0.001182
Paraguay,2024,0.001077889
Paraguay,2023,0.001052712
Paraguay,2022,0.001002476
Paraguay,2021,8.89089E-4
Paraguay,2020,9.51649E-4
Paraguay,2019,0.001009365
Paraguay,2018,9.78543E-4
Paraguay,2017,9.05588E-4
Paraguay,2016,9.08643E-4
Paraguay,2015,0.001013191
Paraguay,2014,9.66097E-4
Paraguay,2013,8.34882E-4
Paraguay,2012,8.47035E-4
Paraguay,2011,6.84049E-4
Paraguay,2010,5.60951E-4
Paraguay,2009,6.17663E-4
Paraguay,2008,4.48065E-4
Paraguay,2007,3.36981E-4
Paraguay,2006,2.69433E-4
Paraguay,2005,2.41503E-4
Paraguay,2004,2.32086E-4
Peru,2025,2.101835143
Peru,2024,1.856034732
Peru,2023,1.709592737
Peru,2022,1.569940867
Peru,2021,1.396934845
Peru,2020,1.583756934
Peru,2019,1.543883152
Peru,2018,1.463504433
Peru,2017,1.330961734
Peru,2016,1.316431282
Peru,2015,1.39260692
Peru,2014,1.395311873
Peru,2013,1.336177439
Peru,2012,1.191302929
Peru,2011,1.023221309
Peru,2010,0.838001384
Peru,2009,0.836114853
Peru,2008,0.708635272
Peru,2007,0.614809419
Peru,2006,0.527539402
Peru,2005,0.463092838
Peru,2004,0.441216431
Philippines,2025,0.563429734
Philippines,2024,0.532011677
Philippines,2023,0.492102221
Philippines,2022,0.479608382
Philippines,2021,0.440255101
Philippines,2020,0.458597897
Philippines,2019,0.422110677
Philippines,2018,0.39976513
Philippines,2017,0.3877727
Philippines,2016,0.372948284
Philippines,2015,0.362041427
Philippines,2014,0.345513195
Philippines,2013,0.31876085
Philippines,2012,0.285044765
Philippines,2011,0.253587454
Philippines,2010,0.214163586
Philippines,2009,0.2210397
Philippines,2008,0.189829442
Philippines,2007,0.15535516
Philippines,2006,0.130731367
Philippines,2005,0.115618519
Philippines,2004,0.108491467
Poland,2025,2.184331939
Poland,2024,2.345059578
Poland,2023,2.015864856
Poland,2022,1.99721047
Poland,2021,1.755935088
Poland,2020,1.746574568
Poland,2019,1.723196451
Poland,2018,1.531175373
Poland,2017,1.371504602
Poland,2016,1.391193573
Poland,2015,1.571101036
Poland,2014,1.501682489
Poland,2013,1.443632773
Poland,2012,1.529703193
Poland,2011,1.385565669
Poland,2010,1.277699437
Poland,2009,1.552200319
Poland,2008,1.245311457
Poland,2007,1.002410301
Poland,2006,0.889684133
Poland,2005,0.742666004
Poland,2004,0.706689868
Portugal,2025,0.960934086
Portugal,2024,0.95373473
Portugal,2023,0.847463279
Portugal,2022,0.844682375
Portugal,2021,0.757471499
Portugal,2020,0.792099201
Portugal,2019,0.798620966
Portugal,2018,0.728587041
Portugal,2017,0.680562835
Portugal,2016,0.656593617
Portugal,2015,0.758988956
Portugal,2014,0.747766374
Portugal,2013,0.71431635
Portugal,2012,0.809619229
Portugal,2011,0.786583576
Portugal,2010,0.807115425
Portugal,2009,0.868961682
Portugal,2008,0.793352753
Portugal,2007,0.68864824
Portugal,2006,0.650705225
Portugal,2005,0.624736923
Portugal,2004,0.613758407
Puerto Rico,2025,0.546960383
Puerto Rico,2024,0.523054831
Puerto Rico,2023,0.503823242
Puerto Rico,2022,0.472147686
Puerto Rico,2021,0.457525468
Puerto Rico,2020,0.466375991
Puerto Rico,2019,0.447885274
Puerto Rico,2018,0.458922919
Puerto Rico,2017,0.462875709
Puerto Rico,2016,0.458612374
Puerto Rico,2015,0.454486567
Puerto Rico,2014,0.454504312
Puerto Rico,2013,0.45057814
Puerto Rico,2012,0.445196844
Puerto Rico,2011,0.436454125
Puerto Rico,2010,0.427600496
Puerto Rico,2009,0.415416941
Puerto Rico,2008,0.397160604
Puerto Rico,2007,0.387187829
Puerto Rico,2006,0.372274395
Puerto Rico,2005,0.356338093
Puerto Rico,2004,0.327671198
Qatar,2025,440.6772147
Qatar,2024,538.775082953
Qatar,2023,596.208203771
Qatar,2022,454.618588513
Qatar,2021,365.276773117
Qatar,2020,446.11719157
Qatar,2019,463.73210628
Qatar,2018,407.487815146
Qatar,2017,383.794692503
Qatar,2016,409.109176478
Qatar,2015,521.630641269
Qatar,2014,502.667543111
Qatar,2013,472.582563855
Qatar,2012,424.374255494
Qatar,2011,316.48669704
Qatar,2010,247.373581697
Qatar,2009,291.566803343
Qatar,2008,201.625736621
Qatar,2007,153.996805531
Qatar,2006,112.636539725
Qatar,2005,80.268935208
Qatar,2004,67.329026589
Romania,2025,9.273622909
Romania,2024,7.899794504
Romania,2023,6.674161574
Romania,2022,6.453997164
Romania,2021,5.676034871
Romania,2020,5.667994906
Romania,2019,5.483143282
Romania,2018,4.73270154
Romania,2017,4.172921817
Romania,2016,4.006131963
Romania,2015,4.49792106
Romania,2014,4.274446077
Romania,2013,4.033877723
Romania,2012,4.338067646
Romania,2011,3.82999593
Romania,2010,3.921138051
Romania,2009,4.826591212
Romania,2008,3.931903045
Romania,2007,2.748091444
Romania,2006,2.217282171
Romania,2005,1.688474931
Romania,2004,1.529026336
Russia,2025,9.273622909
Russia,2024,8.066371403
Russia,2023,9.042474889
Russia,2022,7.355951945
Russia,2021,5.958058105
Russia,2020,6.756307324
Russia,2019,6.61348919
Russia,2018,6.281763247
Russia,2017,5.094964106
Russia,2016,5.440896044
Russia,2015,8.217290147
Russia,2014,9.147982335
Russia,2013,8.812066422
Russia,2012,8.164137379
Russia,2011,6.085113969
Russia,2010,4.878921251
Russia,2009,6.627535567
Russia,2008,5.18638527
Russia,2007,3.950272173
Russia,2006,3.048766122
Russia,2005,2.358422608
Russia,2004,2.200022159
Rwanda,2025,0.001182
Rwanda,2024,0.001094183
Rwanda,2023,0.001033519
Rwanda,2022,8.5913E-4
Rwanda,2021,7.89674E-4
Rwanda,2020,8.0325E-4
Rwanda,2019,7.48035E-4
Rwanda,2018,7.18149E-4
Rwanda,2017,6.74874E-4
Rwanda,2016,6.63115E-4
Rwanda,2015,6.39458E-4
Rwanda,2014,6.06938E-4
Rwanda,2013,5.94116E-4
Rwanda,2012,5.34365E-4
Rwanda,2011,4.75366E-4
Rwanda,2010,4.40418E-4
Rwanda,2009,4.02029E-4
Rwanda,2008,3.15928E-4
Rwanda,2007,2.57661E-4
Rwanda,2006,2.27705E-4
Rwanda,2005,1.84449E-4
Rwanda,2004,1.71664E-4
San Marino,2025,29.53337271
San Marino,2024,28.565995912
San Marino,2023,33.629036788
San Marino,2022,34.064072001
San Marino,2021,28.360126739
San Marino,2020,29.673151972
San Marino,2019,30.391402172
San Marino,2018,28.064646862
San Marino,2017,26.9579898
San Marino,2016,26.059439754
San Marino,2015,30.732112896
San Marino,2014,30.820789996
San Marino,2013,29.461452213
San Marino,2012,33.298876052
San Marino,2011,34.537671301
San Marino,2010,37.899017057
San Marino,2009,44.121702891
San Marino,2008,40.182521054
San Marino,2007,35.06226061
San Marino,2006,32.799436618
San Marino,2005,31.492729187
San Marino,2004,30.122503453
Saudi Arabia,2025,297.5079064
Saudi Arabia,2024,307.570260965
Saudi Arabia,2023,319.379497739
Saudi Arabia,2022,251.844722684
Saudi Arabia,2021,211.543793522
Saudi Arabia,2020,241.59094015
Saudi Arabia,2019,243.901217528
Saudi Arabia,2018,205.990369563
Saudi Arabia,2017,191.874888815
Saudi Arabia,2016,192.878630725
Saudi Arabia,2015,220.859521043
Saudi Arabia,2014,217.188833417
Saudi Arabia,2013,213.727306706
Saudi Arabia,2012,194.938836925
Saudi Arabia,2011,152.176665759
Saudi Arabia,2010,123.62331988
Saudi Arabia,2009,149.753741111
Saudi Arabia,2008,119.839696884
Saudi Arabia,2007,108.585053444
Saudi Arabia,2006,94.629468438
Saudi Arabia,2005,74.543682404
Saudi Arabia,2004,68.621018184
Senegal,2025,5.028970298
Senegal,2024,5.117189711
Senegal,2023,4.581580265
Senegal,2022,4.565208532
Senegal,2021,4.069175751
Senegal,2020,3.882306612
Senegal,2019,3.834649575
Senegal,2018,3.482956294
Senegal,2017,3.158449116
Senegal,2016,2.948517607
Senegal,2015,3.284012181
Senegal,2014,3.13827044
Senegal,2013,2.92962424
Senegal,2012,2.955072765
Senegal,2011,2.674239534
Senegal,2010,2.678312206
Senegal,2009,2.795777071
Senegal,2008,2.321391898
Senegal,2007,1.940476547
Senegal,2006,1.826202813
Senegal,2005,1.671564633
Senegal,2004,1.597392982
Serbia,2025,6.335132045
Serbia,2024,5.661141095
Serbia,2023,4.648857505
Serbia,2022,4.604477345
Serbia,2021,3.888620002
Serbia,2020,3.748778662
Serbia,2019,3.673811472
Serbia,2018,3.19953517
Serbia,2017,2.938734582
Serbia,2016,2.874143362
Serbia,2015,3.418170736
Serbia,2014,3.511513755
Serbia,2013,3.139016757
Serbia,2012,3.566882331
Serbia,2011,3.029984496
Serbia,2010,3.267958665
Serbia,2009,3.773551262
Serbia,2008,3.124036797
Serbia,2007,2.317418673
Serbia,2006,1.971956912
Serbia,2005,1.868354331
Serbia,2004,1.751250525
Sierra Leone,2025,0.001967173
Sierra Leone,2024,0.001684406
Sierra Leone,2023,0.001870206
Sierra Leone,2022,0.00188231
Sierra Leone,2021,0.001757102
Sierra Leone,2020,0.001713752
Sierra Leone,2019,0.001678796
Sierra Leone,2018,0.001528522
Sierra Leone,2017,0.001587402
Sierra Leone,2016,0.00174739
Sierra Leone,2015,0.002061011
Sierra Leone,2014,0.002022037
Sierra Leone,2013,0.00155721
Sierra Leone,2012,0.001205031
Sierra Leone,2011,0.001059506
Sierra Leone,2010,9.94105E-4
Sierra Leone,2009,0.001007618
Sierra Leone,2008,8.73968E-4
Sierra Leone,2007,7.65245E-4
Sierra Leone,2006,6.68647E-4
Sierra Leone,2005,5.87755E-4
Sierra Leone,2004,5.51992E-4
Singapore,2025,8.335905501
Singapore,2024,8.912467878
Singapore,2023,8.859980746
Singapore,2022,7.715981668
Singapore,2021,6.211860075
Singapore,2020,6.699121246
Singapore,2019,6.698961279
Singapore,2018,6.101109205
Singapore,2017,5.670920903
Singapore,2016,5.474427424
Singapore,2015,5.596447119
Singapore,2014,5.466908948
Singapore,2013,5.24503395
Singapore,2012,4.965321794
Singapore,2011,4.262388812
Singapore,2010,3.450855634
Singapore,2009,3.441381999
Singapore,2008,3.21609436
Singapore,2007,2.641721969
Singapore,2006,2.271681467
Singapore,2005,2.044634185
Singapore,2004,1.859773064
Slovakia,2025,1.902118242
Slovakia,2024,1.925692996
Slovakia,2023,1.679685672
Slovakia,2022,1.747247493
Slovakia,2021,1.560934508
Slovakia,2020,1.533550454
Slovakia,2019,1.544692431
Slovakia,2018,1.390619181
Slovakia,2017,1.309032704
Slovakia,2016,1.292100601
Slovakia,2015,1.473711226
Slovakia,2014,1.436348335
Slovakia,2013,1.372453897
Slovakia,2012,1.444618998
Slovakia,2011,1.320116546
Slovakia,2010,1.2944831
Slovakia,2009,1.460917513
Slovakia,2008,1.254562726
Slovakia,2007,1.025117161
Slovakia,2006,0.906249211
Slovakia,2005,0.828990276
Slovakia,2004,0.786596657
Slovenia,2025,0.847551921
Slovenia,2024,0.825739658
Slovenia,2023,0.715629455
Slovenia,2022,0.73475477
Slovenia,2021,0.637496601
Slovenia,2020,0.643767855
Slovenia,2019,0.641130503
Slovenia,2018,0.575023683
Slovenia,2017,0.528899289
Slovenia,2016,0.510017106
Slovenia,2015,0.591279308
Slovenia,2014,0.57160669
Slovenia,2013,0.551306026
Slovenia,2012,0.611397568
Slovenia,2011,0.570723737
Slovenia,2010,0.596785251
Slovenia,2009,0.662867279
Slovenia,2008,0.571764434
Slovenia,2007,0.468829524
Slovenia,2006,0.429273963
Slovenia,2005,0.407882073
Slovenia,2004,0.390145961
Somalia,2025,0.001182
Somalia,2024,0.001360572
Somalia,2023,0.001265586
Somalia,2022,0.001176427
Somalia,2021,0.001070295
Somalia,2020,0.001073598
Somalia,2019,9.76648E-4
Somalia,2018,9.45397E-4
Somalia,2017,8.20391E-4
Somalia,2016,7.63133E-4
Somalia,2015,7.1057E-4
Somalia,2014,6.28017E-4
Somalia,2013,5.41408E-4
Somalia,2012,3.6047E-4
Somalia,2011,3.33405E-4
Somalia,2010,3.65754E-4
Somalia,2009,7.33545E-4
Somalia,2008,6.73644E-4
Somalia,2007,6.23534E-4
Somalia,2006,5.80926E-4
Somalia,2005,4.78757E-4
Somalia,2004,4.46976E-4
South Africa,2025,0.227981757
South Africa,2024,0.246251795
South Africa,2023,0.263212618
South Africa,2022,0.272247049
South Africa,2021,0.218616152
South Africa,2020,0.251834681
South Africa,2019,0.262139508
South Africa,2018,0.246736926
South Africa,2017,0.209308754
South Africa,2016,0.22426631
South Africa,2015,0.246575216
South Africa,2014,0.259309578
South Africa,2013,0.280988461
South Africa,2012,0.296381988
South Africa,2011,0.269968227
South Africa,2010,0.213298471
South Africa,2009,0.204486553
South Africa,2008,0.215447924
South Africa,2007,0.196548518
South Africa,2006,0.186851075
South Africa,2005,0.165466505
South Africa,2004,0.158258526
South Korea,2025,0.227981757
South Korea,2024,0.211609185
South Korea,2023,0.206806933
South Korea,2022,0.224660636
South Korea,2021,0.203148722
South Korea,2020,0.204027137
South Korea,2019,0.2131634
South Korea,2018,0.200524595
South Korea,2017,0.185280194
South Korea,2016,0.18112409
South Korea,2015,0.183403523
South Korea,2014,0.16933652
South Korea,2013,0.157898586
South Korea,2012,0.154839575
South Korea,2011,0.141296409
South Korea,2010,0.116620717
South Korea,2009,0.129395176
South Korea,2008,0.144871845
South Korea,2007,0.13012163
South Korea,2006,0.115503733
South Korea,2005,0.097994107
South Korea,2004,0.093152602
South Sudan,2025,4.939558081
South Sudan,2024,6.814413049
South Sudan,2023,6.820037631
South Sudan,2022,6.825662213
South Sudan,2021,6.831286795
South Sudan,2020,6.836911377
South Sudan,2019,6.84253596
South Sudan,2018,6.848160542
South Sudan,2017,6.853785124
South Sudan,2016,5.86153861
South Sudan,2015,6.821254271
South Sudan,2014,9.002271478
South Sudan,2013,5.829133704
South Sudan,2012,7.282981992
South Sudan,2011,7.133858357
South Sudan,2010,5.975597586
South Sudan,2009,7.126129954
South Sudan,2008,6.904406364
South Sudan,2007,6.910030946
South Sudan,2006,6.915655529
South Sudan,2005,6.921280111
South Sudan,2004,6.926911559
Spain,2025,1.448521568
Spain,2024,1.389202569
Spain,2023,1.24035178
Spain,2022,1.252991107
Spain,2021,1.105966761
Spain,2020,1.203479933
Spain,2019,1.227609556
Spain,2018,1.13338055
Spain,2017,1.065870771
Spain,2016,1.034263881
Spain,2015,1.183534837
Spain,2014,1.168057236
Spain,2013,1.14130371
Spain,2012,1.275568682
Spain,2011,1.224479737
Spain,2010,1.283303195
Spain,2009,1.40294805
Spain,2008,1.266290696
Spain,2007,1.08201721
Spain,2006,0.990111988
Spain,2005,0.917362976
Spain,2004,0.88965441
Sri Lanka,2025,0.001182
Sri Lanka,2024,0.001146992
Sri Lanka,2023,0.00100814
Sri Lanka,2022,0.001204812
Sri Lanka,2021,0.001146277
Sri Lanka,2020,0.001210328
Sri Lanka,2019,0.001284824
Sri Lanka,2018,0.001283224
Sri Lanka,2017,0.001196694
Sri Lanka,2016,0.001157653
Sri Lanka,2015,0.001122132
Sri Lanka,2014,0.001046969
Sri Lanka,2013,9.57864E-4
Sri Lanka,2012,9.21235E-4
Sri Lanka,2011,7.9727E-4
Sri Lanka,2010,5.7197E-4
Sri Lanka,2009,5.53582E-4
Sri Lanka,2008,4.39863E-4
Sri Lanka,2007,3.84518E-4
Sri Lanka,2006,3.31843E-4
Sri Lanka,2005,2.80946E-4
Sri Lanka,2004,2.66439E-4
Sudan,2025,1.030518133
Sudan,2024,1.886803096
Sudan,2023,0.892182567
Sudan,2022,0.591074557
Sudan,2021,0.466832823
Sudan,2020,0.558413302
Sudan,2019,0.558339071
Sudan,2018,0.712884687
Sudan,2017,0.736140478
Sudan,2016,0.893216631
Sudan,2015,0.855054222
Sudan,2014,0.742937881
Sudan,2013,0.649844507
Sudan,2012,0.950059515
Sudan,2011,1.018171522
Sudan,2010,0.891391154
Sudan,2009,1.119536381
Sudan,2008,1.026411141
Sudan,2007,0.781614937
Sudan,2006,0.607534365
Sudan,2005,0.460122719
Sudan,2004,0.43762491
Sweden,2025,1.321122311
Sweden,2024,1.223255621
Sweden,2023,1.212665894
Sweden,2022,1.332471587
Sweden,2021,1.140001633
Sweden,2020,1.112860231
Sweden,2019,1.152891656
Sweden,2018,1.121047193
Sweden,2017,1.07532149
Sweden,2016,1.049139939
Sweden,2015,1.208136402
Sweden,2014,1.221515761
Sweden,2013,1.149608506
Sweden,2012,1.193102922
Sweden,2011,1.030434349
Sweden,2010,0.908227984
Sweden,2009,1.07615587
Sweden,2008,1.024781894
Sweden,2007,0.88358554
Sweden,2006,0.819093603
Sweden,2005,0.804156317
Sweden,2004,0.771894742
Switzerland,2025,1.543181341
Switzerland,2024,1.551099752
Switzerland,2023,1.4345175
Switzerland,2022,1.425722081
Switzerland,2021,1.300556495
Switzerland,2020,1.264396769
Switzerland,2019,1.27175842
Switzerland,2018,1.218530181
Switzerland,2017,1.205724415
Switzerland,2016,1.216631927
Switzerland,2015,1.273456858
Switzerland,2014,1.237870289
Switzerland,2013,1.203139074
Switzerland,2012,1.254789815
Switzerland,2011,1.049650414
Switzerland,2010,0.971410092
Switzerland,2009,0.994292556
Switzerland,2008,0.860158026
Switzerland,2007,0.77408631
Switzerland,2006,0.733159039
Switzerland,2005,0.707968172
Switzerland,2004,0.689344099
Syrian Arab Republic,2025,0.508099377
Syrian Arab Republic,2024,0.463156784
Syrian Arab Republic,2023,0.776502106
Syrian Arab Republic,2022,0.471801889
Syrian Arab Republic,2021,0.396019697
Syrian Arab Republic,2020,0.742323601
Syrian Arab Republic,2019,0.706650124
Syrian Arab Republic,2018,0.538090458
Syrian Arab Republic,2017,0.414102038
Syrian Arab Republic,2016,0.541279579
Syrian Arab Republic,2015,0.706790765
Syrian Arab Republic,2014,0.702162326
Syrian Arab Republic,2013,1.419701918
Syrian Arab Republic,2012,2.220077556
Syrian Arab Republic,2011,2.017968015
Syrian Arab Republic,2010,1.778698059
Syrian Arab Republic,2009,1.727622627
Syrian Arab Republic,2008,1.330128898
Syrian Arab Republic,2007,1.109449561
Syrian Arab Republic,2006,0.948618361
Syrian Arab Republic,2005,0.824629069
Syrian Arab Republic,2004,0.771380954
Tajikistan,2025,0.007077419
Tajikistan,2024,0.006686011
Tajikistan,2023,0.005939234
Tajikistan,2022,0.004954832
Tajikistan,2021,0.004509208
Tajikistan,2020,0.004601705
Tajikistan,2019,0.004304667
Tajikistan,2018,0.00417794
Tajikistan,2017,0.003876371
Tajikistan,2016,0.004585416
Tajikistan,2015,0.005051736
Tajikistan,2014,0.004683528
Tajikistan,2013,0.004231511
Tajikistan,2012,0.003616007
Tajikistan,2011,0.003127866
Tajikistan,2010,0.00276046
Tajikistan,2009,0.002861259
Tajikistan,2008,0.002061985
Tajikistan,2007,0.00156898
Tajikistan,2006,0.001281894
Tajikistan,2005,0.001150966
Tajikistan,2004,0.001043487
Tanzania,2025,0.007077419
Tanzania,2024,0.006043898
Tanzania,2023,0.005792209
Tanzania,2022,0.005401245
Tanzania,2021,0.005050601
Tanzania,2020,0.004665167
Tanzania,2019,0.004357629
Tanzania,2018,0.00407258
Tanzania,2017,0.003804987
Tanzania,2016,0.00362454
Tanzania,2015,0.003821218
Tanzania,2014,0.003489611
Tanzania,2013,0.00303106
Tanzania,2012,0.002649353
Tanzania,2011,0.002447214
Tanzania,2010,0.002247516
Tanzania,2009,0.002136461
Tanzania,2008,0.001671113
Tanzania,2007,0.001423389
Tanzania,2006,0.001406229
Tanzania,2005,0.001274566
Tanzania,2004,0.001185601
Thailand,2025,10.44072476
Thailand,2024,9.137587044
Thailand,2023,8.794702847
Thailand,2022,8.98298396
Thailand,2021,8.880175481
Thailand,2020,9.652303707
Thailand,2019,8.991820449
Thailand,2018,8.097578322
Thailand,2017,7.334747929
Thailand,2016,7.120578385
Thailand,2015,7.227805109
Thailand,2014,7.458387811
Thailand,2013,7.05425148
Thailand,2012,6.579795852
Thailand,2011,6.052551957
Thailand,2010,4.998667461
Thailand,2009,5.170286999
Thailand,2008,4.665648904
Thailand,2007,3.934864094
Thailand,2006,3.359250176
Thailand,2005,3.067858938
Thailand,2004,2.886327901
The Bahamas,2025,10.44072476
The Bahamas,2024,10.249619731
The Bahamas,2023,9.390320092
The Bahamas,2022,8.126854396
The Bahamas,2021,7.118440786
The Bahamas,2020,9.304397276
The Bahamas,2019,9.018178512
The Bahamas,2018,8.747185672
The Bahamas,2017,8.395774223
The Bahamas,2016,8.343448515
The Bahamas,2015,7.844638692
The Bahamas,2014,7.431251302
The Bahamas,2013,7.663285794
The Bahamas,2012,7.198680686
The Bahamas,2011,7.216773086
The Bahamas,2010,7.135425196
The Bahamas,2009,7.524322439
The Bahamas,2008,7.590330033
The Bahamas,2007,7.267876431
The Bahamas,2006,7.031231272
The Bahamas,2005,6.473011755
The Bahamas,2004,6.416395169
Timor-Leste,2025,0.540355582
Timor-Leste,2024,0.554146945
Timor-Leste,2023,0.854857501
Timor-Leste,2022,0.9657701
Timor-Leste,2021,0.576181107
Timor-Leste,2020,0.541527209
Timor-Leste,2019,0.414558067
Timor-Leste,2018,0.422255102
Timor-Leste,2017,0.437064792
Timor-Leste,2016,0.423694876
Timor-Leste,2015,0.385663105
Timor-Leste,2014,0.371860085
Timor-Leste,2013,0.309203703
Timor-Leste,2012,0.27775983
Timor-Leste,2011,0.234964841
Timor-Leste,2010,0.193676181
Timor-Leste,2009,0.172784486
Timor-Leste,2008,0.144615591
Timor-Leste,2007,0.12090275
Timor-Leste,2006,0.123160882
Timor-Leste,2005,0.117433758
Timor-Leste,2004,0.116965889
Togo,2025,0.001182
Togo,2024,0.001125473
Togo,2023,0.001002537
Togo,2022,0.001023738
Togo,2021,9.08144E-4
Togo,2020,8.58126E-4
Togo,2019,8.62617E-4
Togo,2018,7.83848E-4
Togo,2017,7.45038E-4
Togo,2016,7.06295E-4
Togo,2015,7.84571E-4
Togo,2014,7.38971E-4
Togo,2013,6.64336E-4
Togo,2012,6.65428E-4
Togo,2011,5.82464E-4
Togo,2010,5.79458E-4
Togo,2009,5.61904E-4
Togo,2008,4.61413E-4
Togo,2007,4.07533E-4
Togo,2006,3.95384E-4
Togo,2005,3.9166E-4
Togo,2004,3.95531E-4
Tonga,2025,0.001182
Tonga,2024,0.001148344
Tonga,2023,0.001063189
Tonga,2022,0.001063288
Tonga,2021,0.001019438
Tonga,2020,0.001013983
Tonga,2019,0.001004784
Tonga,2018,9.43769E-4
Tonga,2017,8.63445E-4
Tonga,2016,8.97704E-4
Tonga,2015,9.04828E-4
Tonga,2014,9.26969E-4
Tonga,2013,9.66639E-4
Tonga,2012,8.4973E-4
Tonga,2011,7.52771E-4
Tonga,2010,6.41006E-4
Tonga,2009,7.06711E-4
Tonga,2008,6.12495E-4
Tonga,2007,5.99596E-4
Tonga,2006,5.37204E-4
Tonga,2005,4.73299E-4
Tonga,2004,4.82801E-4
Trinidad and Tobago,2025,173.8520516
Trinidad and Tobago,2024,209.70556872
Trinidad and Tobago,2023,230.246574007
Trinidad and Tobago,2022,187.672705309
Trinidad and Tobago,2021,159.412845611
Trinidad and Tobago,2020,182.1509611
Trinidad and Tobago,2019,188.230903727
Trinidad and Tobago,2018,184.177757168
Trinidad and Tobago,2017,181.745062379
Trinidad and Tobago,2016,207.058342069
Trinidad and Tobago,2015,227.520926681
Trinidad and Tobago,2014,219.953038418
Trinidad and Tobago,2013,209.416610667
Trinidad and Tobago,2012,194.848298297
Trinidad and Tobago,2011,169.757081691
Trinidad and Tobago,2010,146.882502127
Trinidad and Tobago,2009,213.53083702
Trinidad and Tobago,2008,165.801580862
Trinidad and Tobago,2007,140.732029384
Trinidad and Tobago,2006,122.444870531
Trinidad and Tobago,2005,101.743464729
Trinidad and Tobago,2004,94.250501324
Tunisia,2025,2.448185221
Tunisia,2024,2.270228002
Tunisia,2023,2.085453648
Tunisia,2022,2.189891982
Tunisia,2021,1.987777356
Tunisia,2020,1.960357634
Tunisia,2019,1.996886578
Tunisia,2018,1.972421714
Tunisia,2017,2.075176566
Tunisia,2016,2.141577493
Tunisia,2015,2.351729422
Tunisia,2014,2.277518755
Tunisia,2013,2.213240565
Tunisia,2012,2.251222597
Tunisia,2011,2.161533861
Tunisia,2010,2.032871654
Tunisia,2009,2.098537103
Tunisia,2008,1.820471102
Tunisia,2007,1.608149953
Tunisia,2006,1.50970189
Tunisia,2005,1.458790844
Tunisia,2004,1.373163257
Turkey,2025,6.219980648
Turkey,2024,5.928561069
Turkey,2023,4.809214809
Turkey,2022,4.346630647
Turkey,2021,3.818974132
Turkey,2020,4.034581306
Turkey,2019,4.129830604
Turkey,2018,4.554046784
Turkey,2017,4.610747844
Turkey,2016,4.582283329
Turkey,2015,4.97789715
Turkey,2014,5.077907323
Turkey,2013,4.668392597
Turkey,2012,4.446937712
Turkey,2011,4.119200812
Turkey,2010,3.442297776
Turkey,2009,4.08464471
Turkey,2008,3.61211997
Turkey,2007,2.95341747
Turkey,2006,2.684300825
Turkey,2005,2.167655821
Turkey,2004,1.974258695
Uganda,2025,1.967144172
Uganda,2024,2.251089894
Uganda,2023,2.103216263
Uganda,2022,1.870784318
Uganda,2021,1.73556738
Uganda,2020,1.631609151
Uganda,2019,1.51985404
Uganda,2018,1.419111259
Uganda,2017,1.348005153
Uganda,2016,1.494935881
Uganda,2015,1.505331344
Uganda,2014,1.334702243
Uganda,2013,1.260393426
Uganda,2012,1.286510197
Uganda,2011,1.231199507
Uganda,2010,1.159855653
Uganda,2009,0.666543854
Uganda,2008,0.549401605
Uganda,2007,0.460550805
Uganda,2006,0.426466353
Uganda,2005,0.36647289
Uganda,2004,0.343116171
Ukraine,2025,9.175659964
Ukraine,2024,13.180954007
Ukraine,2023,11.944610502
Ukraine,2022,14.730088658
Ukraine,2021,11.548496868
Ukraine,2020,11.346826952
Ukraine,2019,9.651472395
Ukraine,2018,8.265222149
Ukraine,2017,6.883755159
Ukraine,2016,6.71232455
Ukraine,2015,9.844146432
Ukraine,2014,14.046770517
Ukraine,2013,13.46373431
Ukraine,2012,12.486132939
Ukraine,2011,10.412287823
Ukraine,2010,8.962845211
Ukraine,2009,13.870613505
Ukraine,2008,10.967156605
Ukraine,2007,8.250032385
Ukraine,2006,6.580180786
Ukraine,2005,4.956593366
Ukraine,2004,4.433630964
United Arab Emirates,2025,265.745286
United Arab Emirates,2024,303.992870258
United Arab Emirates,2023,297.253503298
United Arab Emirates,2022,245.485491765
United Arab Emirates,2021,206.635092968
United Arab Emirates,2020,247.147569369
United Arab Emirates,2019,252.503941125
United Arab Emirates,2018,230.903436319
United Arab Emirates,2017,218.331720202
United Arab Emirates,2016,218.934822001
United Arab Emirates,2015,244.850461049
United Arab Emirates,2014,236.639998721
United Arab Emirates,2013,227.410767374
United Arab Emirates,2012,213.351991431
United Arab Emirates,2011,177.494633128
United Arab Emirates,2010,149.916325201
United Arab Emirates,2009,186.532882238
United Arab Emirates,2008,152.499611238
United Arab Emirates,2007,131.33251194
United Arab Emirates,2006,106.794546609
United Arab Emirates,2005,87.404823787
United Arab Emirates,2004,79.773356211
United Kingdom,2025,25.01231523
United Kingdom,2024,26.326933006
United Kingdom,2023,24.249263486
United Kingdom,2022,24.477269046
United Kingdom,2021,21.000028511
United Kingdom,2020,22.204143941
United Kingdom,2019,22.359340348
United Kingdom,2018,20.870529451
United Kingdom,2017,20.940301644
United Kingdom,2016,22.799855189
United Kingdom,2015,23.865127069
United Kingdom,2014,21.685836219
United Kingdom,2013,21.080313255
United Kingdom,2012,20.743288643
United Kingdom,2011,19.354619532
United Kingdom,2010,18.788966394
United Kingdom,2009,22.811535802
United Kingdom,2008,24.066033607
United Kingdom,2007,21.090825807
United Kingdom,2006,19.803933768
United Kingdom,2005,18.856636077
United Kingdom,2004,18.404276552
United States,2025,167.9798908
United States,2024,156.284220177
United States,2023,146.622130239
United States,2022,133.510260378
United States,2021,120.390497574
United States,2020,121.438567663
United States,2019,116.457556776
United States,2018,110.569421211
United States,2017,106.018575722
United States,2016,103.143853082
United States,2015,99.27123692
United States,2014,95.170289189
United States,2013,91.637069581
United States,2012,87.948246237
United States,2011,84.843500684
United States,2010,81.624871238
United States,2009,83.269986096
United States,2008,81.602883753
United States,2007,77.889817798
United States,2006,73.512617058
United States,2005,68.878331886
United States,2004,66.326249243
Uruguay,2025,0.283816092
Uruguay,2024,0.297083376
Uruguay,2023,0.269867125
Uruguay,2022,0.233697941
Uruguay,2021,0.206420096
Uruguay,2020,0.239319262
Uruguay,2019,0.251328049
Uruguay,2018,0.250025972
Uruguay,2017,0.221082379
Uruguay,2016,0.221849848
Uruguay,2015,0.236526389
Uruguay,2014,0.235916517
Uruguay,2013,0.208587927
Uruguay,2012,0.193626762
Uruguay,2011,0.161349312
Uruguay,2010,0.125802607
Uruguay,2009,0.119692091
Uruguay,2008,0.0915309
Uruguay,2007,0.075929374
Uruguay,2006,0.066780954
Uruguay,2005,0.052640307
Uruguay,2004,0.05013164
Vanuatu,2025,0.001182
Vanuatu,2024,0.001168296
Vanuatu,2023,0.001060322
Vanuatu,2022,9.85819E-4
Vanuatu,2021,9.43319E-4
Vanuatu,2020,9.71435E-4
Vanuatu,2019,9.48833E-4
Vanuatu,2018,9.12866E-4
Vanuatu,2017,8.09997E-4
Vanuatu,2016,7.58114E-4
Vanuatu,2015,8.01104E-4
Vanuatu,2014,7.8657E-4
Vanuatu,2013,7.75715E-4
Vanuatu,2012,7.98861E-4
Vanuatu,2011,6.95713E-4
Vanuatu,2010,6.14712E-4
Vanuatu,2009,6.12768E-4
Vanuatu,2008,5.35641E-4
Vanuatu,2007,4.55735E-4
Vanuatu,2006,4.09684E-4
Vanuatu,2005,3.78602E-4
Vanuatu,2004,3.64084E-4
Venezuela,2025,11.50957606
Venezuela,2024,11.01081505
Venezuela,2023,10.533636897
Venezuela,2022,10.056458744
Venezuela,2021,9.579280591
Venezuela,2020,9.102102438
Venezuela,2019,8.624924285
Venezuela,2018,8.147746132
Venezuela,2017,7.670567979
Venezuela,2016,7.193389827
Venezuela,2015,7.043951738
Venezuela,2014,5.417834672
Venezuela,2013,5.567969463
Venezuela,2012,4.621628152
Venezuela,2011,5.741834342
Venezuela,2010,4.815937415
Venezuela,2009,4.613903096
Venezuela,2008,3.364035704
Venezuela,2007,2.679353297
Venezuela,2006,2.124945423
Venezuela,2005,1.642136701
Venezuela,2004,1.388269346
Viet Nam,2025,1.291131088
Viet Nam,2024,1.08791641
Viet Nam,2023,1.038819067
Viet Nam,2022,0.927806362
Viet Nam,2021,0.877529245
Viet Nam,2020,0.846513334
Viet Nam,2019,0.785096718
Viet Nam,2018,0.712305153
Viet Nam,2017,0.650891069
Viet Nam,2016,0.605730526
Viet Nam,2015,0.591028919
Viet Nam,2014,0.541048011
Viet Nam,2013,0.495178591
Viet Nam,2012,0.436959517
Viet Nam,2011,0.372669416
Viet Nam,2010,0.26839864
Viet Nam,2009,0.250968625
Viet Nam,2008,0.19599044
Viet Nam,2007,0.168033434
Viet Nam,2006,0.145910366
Viet Nam,2005,0.115009899
Viet Nam,2004,0.106949728
West Bank and Gaza,2025,0.001182
West Bank and Gaza,2024,0.001067208
West Bank and Gaza,2023,0.001174089
West Bank and Gaza,2022,0.001109367
West Bank and Gaza,2021,9.51481E-4
West Bank and Gaza,2020,0.001049608
West Bank and Gaza,2019,9.97114E-4
West Bank and Gaza,2018,9.8801E-4
West Bank and Gaza,2017,9.43743E-4
West Bank and Gaza,2016,8.55957E-4
West Bank and Gaza,2015,8.57017E-4
West Bank and Gaza,2014,8.27967E-4
West Bank and Gaza,2013,7.47893E-4
West Bank and Gaza,2012,6.85267E-4
West Bank and Gaza,2011,5.93094E-4
West Bank and Gaza,2010,4.95334E-4
West Bank and Gaza,2009,4.47839E-4
West Bank and Gaza,2008,3.56273E-4
West Bank and Gaza,2007,3.2764E-4
West Bank and Gaza,2006,3.14003E-4
West Bank and Gaza,2005,2.81988E-4
West Bank and Gaza,2004,2.31281E-4
Yemen,2025,0.805301009
Yemen,2024,0.663044182
Yemen,2023,0.644253255
Yemen,2022,0.625462329
Yemen,2021,0.606671402
Yemen,2020,0.587880475
Yemen,2019,0.331138202
Yemen,2018,0.41138671
Yemen,2017,0.479980148
Yemen,2016,0.650508533
Yemen,2015,0.662525664
Yemen,2014,0.619407949
Yemen,2013,0.542564383
Yemen,2012,0.501568385
Yemen,2011,0.473679964
Yemen,2010,0.385149182
Yemen,2009,0.412438494
Yemen,2008,0.331818189
Yemen,2007,0.29216366
Yemen,2006,0.256429681
Yemen,2005,0.212536765
Yemen,2004,0.20441594
Zambia,2025,0.039617752
Zambia,2024,0.034686873
Zambia,2023,0.036681485
Zambia,2022,0.027792328
Zambia,2021,0.022813233
Zambia,2020,0.029317067
Zambia,2019,0.033093964
Zambia,2018,0.032543177
Zambia,2017,0.026360974
Zambia,2016,0.026729256
Zambia,2015,0.034137309
Zambia,2014,0.035264547
Zambia,2013,0.03207712
Zambia,2012,0.029506799
Zambia,2011,0.02548952
Zambia,2010,0.01927961
Zambia,2009,0.022527836
Zambia,2008,0.017680495
Zambia,2007,0.016045262
Zambia,2006,0.010479621
Zambia,2005,0.007824759
Zambia,2004,0.007310645
Zimbabwe,2025,0.214138215
Zimbabwe,2024,0.172743389
Zimbabwe,2023,0.160771868
Zimbabwe,2022,0.133563332
Zimbabwe,2021,0.131736537
Zimbabwe,2020,0.126095374
Zimbabwe,2019,0.167471081
Zimbabwe,2018,0.250424848
Zimbabwe,2017,0.100752497
Zimbabwe,2016,0.097881442
Zimbabwe,2015,0.095588742
Zimbabwe,2014,0.093605434
Zimbabwe,2013,0.083916048
Zimbabwe,2012,0.069143313
Zimbabwe,2011,0.0590416
Zimbabwe,2010,0.04739248
Zimbabwe,2009,0.021650691
Zimbabwe,2008,0.025947031
Zimbabwe,2007,0.026692041
Zimbabwe,2006,0.028218472
Zimbabwe,2005,0.028465507
Zimbabwe,2004,0.030220578
